-- MySQL dump 10.13  Distrib 8.0.42, for Win64 (x86_64)
--
-- Host: 127.0.0.1    Database: mydatabase
-- ------------------------------------------------------
-- Server version	8.0.42

/*!40101 SET @OLD_CHARACTER_SET_CLIENT=@@CHARACTER_SET_CLIENT */;
/*!40101 SET @OLD_CHARACTER_SET_RESULTS=@@CHARACTER_SET_RESULTS */;
/*!40101 SET @OLD_COLLATION_CONNECTION=@@COLLATION_CONNECTION */;
/*!50503 SET NAMES utf8mb4 */;
/*!40103 SET @OLD_TIME_ZONE=@@TIME_ZONE */;
/*!40103 SET TIME_ZONE='+00:00' */;
/*!40014 SET @OLD_UNIQUE_CHECKS=@@UNIQUE_CHECKS, UNIQUE_CHECKS=0 */;
/*!40014 SET @OLD_FOREIGN_KEY_CHECKS=@@FOREIGN_KEY_CHECKS, FOREIGN_KEY_CHECKS=0 */;
/*!40101 SET @OLD_SQL_MODE=@@SQL_MODE, SQL_MODE='NO_AUTO_VALUE_ON_ZERO' */;
/*!40111 SET @OLD_SQL_NOTES=@@SQL_NOTES, SQL_NOTES=0 */;

--
-- Current Database: `mydatabase`
--

CREATE DATABASE /*!32312 IF NOT EXISTS*/ `mydatabase` /*!40100 DEFAULT CHARACTER SET utf8mb4 COLLATE utf8mb4_unicode_ci */ /*!80016 DEFAULT ENCRYPTION='N' */;

USE `mydatabase`;

--
-- Table structure for table `document`
--

DROP TABLE IF EXISTS `document`;
/*!40101 SET @saved_cs_client     = @@character_set_client */;
/*!50503 SET character_set_client = utf8mb4 */;
CREATE TABLE `document` (
  `id` bigint NOT NULL AUTO_INCREMENT COMMENT '文档ID',
  `public_id` varchar(64) NOT NULL,
  `document_set_id` bigint NOT NULL COMMENT '所属文档集ID，外键到 document_set.id',
  `file_name` varchar(255) NOT NULL COMMENT '原始文件名，例如 report1.docx',
  `file_type` varchar(32) NOT NULL COMMENT '文件类型：docx/md/xlsx/txt',
  `file_path` varchar(512) NOT NULL COMMENT '服务器上保存的文件路径（相对或绝对）',
  `file_size` bigint DEFAULT NULL COMMENT '文件大小（字节）',
  `created_at` datetime NOT NULL DEFAULT CURRENT_TIMESTAMP COMMENT '上传时间',
  PRIMARY KEY (`id`),
  UNIQUE KEY `uk_document_public_id` (`public_id`),
  KEY `idx_document_set_id` (`document_set_id`),
  CONSTRAINT `fk_document_set` FOREIGN KEY (`document_set_id`) REFERENCES `document_set` (`id`) ON DELETE CASCADE
) ENGINE=InnoDB AUTO_INCREMENT=153 DEFAULT CHARSET=utf8mb4 COLLATE=utf8mb4_0900_ai_ci COMMENT='文档：单个文件的元数据';
/*!40101 SET character_set_client = @saved_cs_client */;

--
-- Dumping data for table `document`
--

LOCK TABLES `document` WRITE;
/*!40000 ALTER TABLE `document` DISABLE KEYS */;
INSERT INTO `document` VALUES (1,'785f8ecb342f11f1b162fc5cee6659c6',1,'合同A.txt','txt','set_1772542610931_65b5bd4c/3266b0d3-7c1e-4be3-b97b-25466630f1aa_合同A.txt',0,'2026-03-03 20:56:51'),(2,'785f9558342f11f1b162fc5cee6659c6',1,'合同B.txt','txt','set_1772542610931_65b5bd4c/1710dca8-7ef2-4d65-86d2-fd8e041f0191_合同B.txt',0,'2026-03-03 20:56:51'),(3,'785f95fb342f11f1b162fc5cee6659c6',2,'合同A.txt','txt','set_1772542666050_5fa0481c/1d06c566-781b-43f8-8558-e297f6dafeb5_合同A.txt',0,'2026-03-03 20:57:46'),(4,'785f9674342f11f1b162fc5cee6659c6',2,'合同B.txt','txt','set_1772542666050_5fa0481c/8087a1b8-08d5-408c-b9a4-87a65e54b6a0_合同B.txt',0,'2026-03-03 20:57:46'),(5,'785f96de342f11f1b162fc5cee6659c6',3,'合同A.txt','txt','set_1774070880694_34c8bfe1/facb5dc8-9e37-4726-b3f5-00d2cd55f9cc_合同A.txt',0,'2026-03-21 13:28:01'),(6,'785f973d342f11f1b162fc5cee6659c6',3,'合同B.txt','txt','set_1774070880694_34c8bfe1/e2523175-992d-4c86-80fc-4925f38a58ab_合同B.txt',0,'2026-03-21 13:28:01'),(7,'785f979d342f11f1b162fc5cee6659c6',4,'合同A.txt','txt','set_1774072675471_ab2da0db/d20c70e2-4dcd-4bc1-962e-0bf2aad38b83_合同A.txt',0,'2026-03-21 13:57:55'),(8,'785f97fb342f11f1b162fc5cee6659c6',4,'合同B.txt','txt','set_1774072675471_ab2da0db/92cf23ef-75f0-4462-9801-8d39cb4fc263_合同B.txt',0,'2026-03-21 13:57:55'),(9,'785f9876342f11f1b162fc5cee6659c6',5,'合同A.txt','txt','set_1774072962468_ca9c63bf/7960671d-b18d-4bc5-8319-d305041fb5bd_合同A.txt',0,'2026-03-21 14:02:42'),(10,'785f98dc342f11f1b162fc5cee6659c6',5,'合同B.txt','txt','set_1774072962468_ca9c63bf/1f68de50-768a-42df-95c8-b5d3a81f8529_合同B.txt',0,'2026-03-21 14:02:42'),(11,'785f993c342f11f1b162fc5cee6659c6',6,'2025年中国城市经济百强全景报告.docx','docx','set_1774268044388_d363cb76/f83b0f64-dcdb-4618-a0ab-3d235ad6ce25_2025年中国城市经济百强全景报告.docx',460370,'2026-03-23 20:14:04'),(12,'785f99a7342f11f1b162fc5cee6659c6',7,'山东省环境空气质量监测数据信息202512171921_0.xlsx','xlsx','set_1774269785557_d947ea17/40cd072b-61ce-40fe-9d44-66effecc613a_山东省环境空气质量监测数据信息202512171921_0.xlsx',1842334,'2026-03-23 20:43:06'),(13,'785f9a0f342f11f1b162fc5cee6659c6',8,'COVID-19全球数据集（节选）.xlsx','xlsx','set_1774271129103_d2e3ee8a/26d9f74e-1860-4225-b16b-1269042f3a14_COVID-19全球数据集（节选）.xlsx',1108853,'2026-03-23 21:05:29'),(14,'785f9a77342f11f1b162fc5cee6659c6',9,'山东省环境空气质量监测数据信息202512171921_0.xlsx','xlsx','set_1774344205482_69bfdce3/1753cb35-d870-4c88-88d7-0ad4c629d671_山东省环境空气质量监测数据信息202512171921_0.xlsx',1842334,'2026-03-24 17:23:26'),(15,'785f9ad3342f11f1b162fc5cee6659c6',10,'COVID-19全球数据集（节选）.xlsx','xlsx','set_1774344621515_711abfdc/62e84c53-e93a-48c9-94f0-de762956bd34_COVID-19全球数据集（节选）.xlsx',1108853,'2026-03-24 17:30:22'),(16,'785f9b2a342f11f1b162fc5cee6659c6',11,'山东省环境空气质量监测数据信息202512171921_0.xlsx','xlsx','set_1774345844097_cc501f0e/ff33a551-8538-48fb-99f1-850ef694d4ca_山东省环境空气质量监测数据信息202512171921_0.xlsx',1842334,'2026-03-24 17:50:44'),(17,'785f9b8e342f11f1b162fc5cee6659c6',12,'COVID-19全球数据集（节选）.xlsx','xlsx','set_1775144963932_6c481198/1bebf9f7-1fa0-42ff-a66b-a7e24bb8d521_COVID-19全球数据集（节选）.xlsx',1108853,'2026-04-02 23:49:24'),(18,'785f9bec342f11f1b162fc5cee6659c6',13,'COVID-19全球数据集（节选）.xlsx','xlsx','set_1775145015079_71dd510d/78125912-76ab-4bbc-90ed-c16f6536824a_COVID-19全球数据集（节选）.xlsx',1108853,'2026-04-02 23:50:15'),(19,'785f9c4d342f11f1b162fc5cee6659c6',13,'中国COVID-19新冠疫情情况.docx','docx','set_1775145015079_71dd510d/60392788-3dfa-4c24-88f9-82eb3101accd_中国COVID-19新冠疫情情况.docx',18893,'2026-04-02 23:50:15'),(20,'785f9ca6342f11f1b162fc5cee6659c6',14,'山东省环境空气质量监测数据信息202512171921_0.xlsx','xlsx','set_1775145751030_f46e9f5b/3129fe95-5d49-42a9-af55-7d01d54805c9_山东省环境空气质量监测数据信息202512171921_0.xlsx',1842334,'2026-04-03 00:02:31'),(21,'892204c898ed4654bdc34f5e116af27a',15,'山东省环境空气质量监测数据信息202512171921_0.xlsx','xlsx','set_1775751604598_fd31ffc9/1d2c0af8-d5c0-422a-a795-6e398edf7f92_山东省环境空气质量监测数据信息202512171921_0.xlsx',1842334,'2026-04-10 00:20:05'),(22,'7f896d44c17e46b6b56e597088d1d991',16,'山东省环境空气质量监测数据信息202512171921_0.xlsx','xlsx','set_1775751656675_bb4c0b9d/43de0ef3-5bf6-4c2f-b313-a1df63a80062_山东省环境空气质量监测数据信息202512171921_0.xlsx',1842334,'2026-04-10 00:20:57'),(23,'0b162c3999514eae9b8bf7a0a93db991',17,'山东省环境空气质量监测数据信息202512171921_0.xlsx','xlsx','set_1775752560852_6d727f22/337d6242-3cf9-41fb-a55b-6e2fa3c9ab96_山东省环境空气质量监测数据信息202512171921_0.xlsx',1842334,'2026-04-10 00:36:01'),(24,'052e9a99bd604722b1676d91a73a396d',18,'COVID-19全球数据集（节选）.xlsx','xlsx','set_1775817733525_288e4ea1/e6fd9a87-80ca-4324-a078-5f291eeed437_COVID-19全球数据集（节选）.xlsx',1108853,'2026-04-10 18:42:14'),(25,'3ea3f817324443faab87de0717acf93e',19,'2025年中国城市经济百强全景报告.docx','docx','set_1775832127269_e6b09c56/786fd583-046d-4d54-a369-4be775201ed6_2025年中国城市经济百强全景报告.docx',460370,'2026-04-10 22:42:07'),(26,'ff1520b4162c40afacbc17c9660d136a',20,'2025年中国城市经济百强全景报告.docx','docx','set_1775832158478_c6912843/67b8a05b-2d85-4455-a823-d62fac28a4a3_2025年中国城市经济百强全景报告.docx',460370,'2026-04-10 22:42:38'),(27,'162ce2744ab44129b0c0a6b4cf6422d0',21,'COVID-19全球数据集（节选）.xlsx','xlsx','set_1775832283121_e343eab8/f477db32-0542-41d4-820f-16488cb56d5a_COVID-19全球数据集（节选）.xlsx',1108853,'2026-04-10 22:44:43'),(28,'262b342906644d2a9829ea4ec06b9bfd',22,'2025年中国城市经济百强全景报告.docx','docx','set_1775832551259_0664871e/535e7ff4-9b03-44f8-b263-25a9d7562b8c_2025年中国城市经济百强全景报告.docx',460370,'2026-04-10 22:49:11'),(29,'cee7739c536448649b05ba05c3af6916',23,'2025年中国城市经济百强全景报告.docx','docx','set_1775832675070_c50c0408/6b6eade5-cce2-4f1a-ae0a-f5786bb9d6d2_2025年中国城市经济百强全景报告.docx',460370,'2026-04-10 22:51:15'),(30,'a31eb5b728954f6ea5eae56b2ec62506',24,'2025年中国城市经济百强全景报告.docx','docx','set_1775832820196_02c1b512/82e568e3-067c-4df5-89c8-f28c7dbeee7b_2025年中国城市经济百强全景报告.docx',460370,'2026-04-10 22:53:40'),(31,'437cb5041e244488bd982468af897efa',25,'2025年中国城市经济百强全景报告.docx','docx','set_1775832853057_374c53d6/2d434983-aab0-4f40-9cb4-3cb5453896c0_2025年中国城市经济百强全景报告.docx',460370,'2026-04-10 22:54:13'),(32,'820b7ed96ac248ad89d61ffe630c4067',26,'2025年中国城市经济百强全景报告-模板.xlsx','xlsx','set_1775832895654_0ed36d91/09021b83-fd52-42c6-8b64-bd8234d6b0d9_2025年中国城市经济百强全景报告-模板.xlsx',9058,'2026-04-10 22:54:56'),(33,'3aa3b60ca7de440881c66c6fea6e8be2',27,'2025山东省环境空气质量监测数据信息-模板.docx','docx','set_1775832944949_8f452c24/b123c158-3fb2-40c1-a4ca-bc7ae3c8b38f_2025山东省环境空气质量监测数据信息-模板.docx',26941,'2026-04-10 22:55:45'),(34,'2fc9b1d59e36484da903cea1b418ab9b',28,'2025山东省环境空气质量监测数据信息-模板.docx','docx','set_1775832965710_56847489/01441fb9-b37f-4313-9749-81f77ae4ef0a_2025山东省环境空气质量监测数据信息-模板.docx',26941,'2026-04-10 22:56:06'),(35,'649f62907c83433c9d52c1d100b3d51f',28,'山东省环境空气质量监测数据信息202512171921_0.xlsx','xlsx','set_1775832965710_56847489/07955130-1cf1-4c24-867a-68c5dd2988af_山东省环境空气质量监测数据信息202512171921_0.xlsx',1842334,'2026-04-10 22:56:06'),(36,'5e6d0b0ceac44721975678dc0a1e1057',29,'2025山东省环境空气质量监测数据信息-模板.docx','docx','set_1775832979620_9c5ca7f7/3bfc5161-54a4-4f9b-b91f-834eb2408b05_2025山东省环境空气质量监测数据信息-模板.docx',26941,'2026-04-10 22:56:20'),(37,'4a33521c659f45388ff1344ab72a5558',30,'山东省环境空气质量监测数据信息202512171921_0.xlsx','xlsx','set_1775833042589_81b0fbfe/5e90776d-11e7-4c4c-ad29-496dd7bca9a8_山东省环境空气质量监测数据信息202512171921_0.xlsx',1842334,'2026-04-10 22:57:23'),(41,'07d9760bc1cc40788ddc0b44339b5efd',33,'2025山东省环境空气质量监测数据信息-模板.docx','docx','set_1775833100864_6cbd49ba/9421c8d9-7e8b-42c6-bb79-563c2b851af5_2025山东省环境空气质量监测数据信息-模板.docx',26941,'2026-04-10 22:58:21'),(42,'8fc9df7756c548c48b234ca126f393d7',34,'2025山东省环境空气质量监测数据信息-模板.docx','docx','set_1775833175128_3c754abe/a475d802-f478-4fdc-b244-b33be36cbfc2_2025山东省环境空气质量监测数据信息-模板.docx',26941,'2026-04-10 22:59:35'),(43,'53b4a1e8f8274ee68dff8a46c9bfe22f',35,'COVID-19全球数据集（节选）.xlsx','xlsx','set_1775908925452_33b7b259/e0fd047e-cdba-414a-a8db-8bc1faa6be3e_COVID-19全球数据集（节选）.xlsx',1108853,'2026-04-11 20:02:05'),(48,'7a359684b6b74ff59f0476507d051ace',37,'COVID-19 模板.xlsx','xlsx','set_1775908972224_dc8ee442/cf2dde44-f3bc-4d70-bfb1-2fe9c0a8bd65_COVID-19 模板.xlsx',9551,'2026-04-11 20:02:52'),(50,'d9e44087c9bd4f7897e105e85275d8d9',39,'COVID-19 模板.xlsx','xlsx','set_1775909268545_e995edfb/100f5fa6-6108-4ec9-9d09-7d80927196a1_COVID-19 模板.xlsx',9551,'2026-04-11 20:07:49'),(51,'42d15d51501b4c028f07d794446f9053',39,'COVID-19全球数据集（节选）.xlsx','xlsx','set_1775909268545_e995edfb/63721eb0-2803-497d-8cfb-8e30078cfb65_COVID-19全球数据集（节选）.xlsx',1108853,'2026-04-11 20:07:51'),(52,'3b1994f36f7644a4916ea8ab59de077a',40,'COVID-19 模板.xlsx','xlsx','set_1775909295984_7058e13a/fe829cd6-b919-4a23-b5c6-85dfb285516c_COVID-19 模板.xlsx',9551,'2026-04-11 20:08:16'),(53,'be2a7976125b408d89468e820e2270ff',40,'COVID-19全球数据集（节选）.xlsx','xlsx','set_1775909295984_7058e13a/920e8288-1a8a-4914-bb89-d9bc922d1d9b_COVID-19全球数据集（节选）.xlsx',1108853,'2026-04-11 20:08:19'),(54,'f999fafdb74e4520881fad3977386e23',40,'用户要求.txt','txt','set_1775909295984_7058e13a/8beea588-393e-4e6f-b793-a6a314d494be_用户要求.txt',102,'2026-04-11 20:08:22'),(55,'eb6ff61be559445a94fff06f5772c5a6',41,'2025山东省环境空气质量监测数据信息-模板.docx','docx','set_1775910225607_3892f46b/15b03ffd-a664-43ad-9708-425e5a4d6000_2025山东省环境空气质量监测数据信息-模板.docx',26941,'2026-04-11 20:23:46'),(56,'5f5a83a7245a437b8bc5f4cd8a92c6f6',41,'用户要求.txt','txt','set_1775910225607_3892f46b/696593ea-2992-4c3a-b30e-6f161840699f_用户要求.txt',359,'2026-04-11 20:23:48'),(57,'c478908f3a954ad8bcdaf0c287aced5a',42,'2025山东省环境空气质量监测数据信息-模板.docx','docx','set_1775914861189_a9fcf07e/2543747a-1767-4aff-8dc3-122ac97817ac_2025山东省环境空气质量监测数据信息-模板.docx',26941,'2026-04-11 21:41:01'),(58,'7cb88cfa8f7f4552adb51772d051e5da',42,'山东省环境空气质量监测数据信息202512171921_0.xlsx','xlsx','set_1775914861189_a9fcf07e/f8b00e51-b98c-460c-912c-a44256ebbe24_山东省环境空气质量监测数据信息202512171921_0.xlsx',1842334,'2026-04-11 21:41:05'),(59,'08715b8a382045f2ba0d9e7aa07a1a89',43,'山东省环境空气质量监测数据信息202512171921_0.xlsx','xlsx','set_1775916713726_94182e8a/749ae9e5-5387-49fa-8455-935b29407c28_山东省环境空气质量监测数据信息202512171921_0.xlsx',1842334,'2026-04-11 22:11:54'),(60,'82aabfba71514fc19469021b8ac95ba3',43,'2025山东省环境空气质量监测数据信息-模板.docx','docx','set_1775916713726_94182e8a/69a546af-bd97-441a-920b-7400ae8738cb_2025山东省环境空气质量监测数据信息-模板.docx',26941,'2026-04-11 22:11:56'),(61,'b99a9e5481d24da99b715a39b9b3abdb',44,'COVID-19全球数据集（节选）.xlsx','xlsx','set_1776239894336_6bc648cc/459c8b4f-8c6e-41f8-a998-0f05555d04c9_COVID-19全球数据集（节选）.xlsx',1108853,'2026-04-15 15:58:14'),(62,'3622ce44375040f59ee4fefee99302dd',45,'COVID-19全球数据集（节选）.xlsx','xlsx','set_1776248311487_32a1dc98/5ca72392-3cb1-46d6-93ee-722ac099a6c8_COVID-19全球数据集（节选）.xlsx',1108853,'2026-04-15 18:18:32'),(63,'1f118c6e3b43456fadf099d8a28182c2',46,'山东省环境空气质量监测数据信息202512171921_0.xlsx','xlsx','set_1776249060626_c367b8e3/326d34a3-4ada-47a8-8586-792acc5ce1c5_山东省环境空气质量监测数据信息202512171921_0.xlsx',1842334,'2026-04-15 18:31:01'),(64,'6004d35df6ae400a9bc8d02ce88dfb6d',47,'2025年中国城市经济百强全景报告.docx','docx','set_1776310663307_925facdb/e8a3ecc0-4203-490d-b920-974b8b14bdff_2025年中国城市经济百强全景报告.docx',460370,'2026-04-16 11:37:43'),(65,'dca7c69e791d4d5c8145dbc6f13e1f6c',48,'山东省环境空气质量监测数据信息202512171921_0.xlsx','xlsx','set_1776322281607_f0de351d/7154ce66-deaa-4960-a617-c06b5a0cb6e1_山东省环境空气质量监测数据信息202512171921_0.xlsx',1842334,'2026-04-16 14:51:22'),(66,'43ec168d9dc14a1e9c6b3ff113189e91',49,'COVID-19全球数据集（节选）.xlsx','xlsx','set_1776322847817_d0a32606/71672d7c-ea23-44bd-9d06-741f6bbceee0_COVID-19全球数据集（节选）.xlsx',1108853,'2026-04-16 15:00:48'),(67,'4f3ed37584094fca9a819d2a5dc47f58',50,'COVID-19全球数据集（节选）.xlsx','xlsx','set_1776350601280_3d9ff8ec/31fc5515-6318-4827-a11f-e617549b54f4_COVID-19全球数据集（节选）.xlsx',1108853,'2026-04-16 22:43:21'),(68,'89f3063ec76643fab41959119e11c11b',51,'2025年中国城市经济百强全景报告.docx','docx','set_1776404608778_bdb79412/30f1c3a1-e9d5-4645-aa4e-e8fd5123c884_2025年中国城市经济百强全景报告.docx',460370,'2026-04-17 13:43:29'),(69,'48ef71ae95884c918654e4b743e3da55',52,'2025年中国城市经济百强全景报告.docx','docx','set_1776433048879_022bdf07/dcd25d04-766b-44c1-bbbe-25f9546fbf35_2025年中国城市经济百强全景报告.docx',460370,'2026-04-17 21:37:29'),(70,'780abc1b65cd4d8d859936f924c473be',53,'2025年中国城市经济百强全景报告.docx','docx','set_1776442267613_6c3f95c9/e960b9ba-c004-44c1-979a-d4a8a436bddf_2025年中国城市经济百强全景报告.docx',460370,'2026-04-18 00:11:08'),(71,'0dbb1385d0d14b259ad0ef2d31e83e2e',54,'山东省环境空气质量监测数据信息202512171921_0.xlsx','xlsx','set_1776447384875_cd941d23/bfb815a7-9482-4e20-9663-fbd1c906fa9d_山东省环境空气质量监测数据信息202512171921_0.xlsx',1842334,'2026-04-18 01:36:25'),(72,'b9a81dcfda664b199216af88336f48fb',55,'2025年中国城市经济百强全景报告.docx','docx','set_1776488058424_3279e727/252b37bc-15f1-4a2f-b79d-90ef4b54cc3d_2025年中国城市经济百强全景报告.docx',460370,'2026-04-18 12:54:18'),(73,'f0c9336ae8e54972be72d2b09c586dc0',56,'电商销售数据.xlsx','xlsx','set_1776490297406_51ea19b8/09c9c5e0-a368-4412-bf78-4fb5e0d85eca_电商销售数据.xlsx',545554,'2026-04-18 13:31:37'),(74,'f57cf8652b6c4b6d9fdd291241ac8760',57,'糖尿病患者数据.xlsx','xlsx','set_1776490333286_df56d698/1735f737-c273-4de6-aa42-81c53969c5b3_糖尿病患者数据.xlsx',1065013,'2026-04-18 13:32:13'),(75,'bf7077e711db484b8fc5c4b039c961ca',58,'COVID-19全球数据集（节选）.xlsx','xlsx','set_1776490354921_57207b59/c9873feb-1b80-40da-a589-362373788c63_COVID-19全球数据集（节选）.xlsx',1108853,'2026-04-18 13:32:35'),(76,'85ed5d7a6bfa4bb19d09fbdb8ef26256',59,'2025年中国城市经济百强全景报告.docx','docx','set_1776576462560_d26d37ba/14fa16c9-5e2d-46eb-bcd4-eb0ce99edc3c_2025年中国城市经济百强全景报告.docx',460370,'2026-04-19 13:27:43'),(77,'721a82a869ed452cb5598f86e8d9a806',60,'2025年中国城市经济百强全景报告.docx','docx','set_1776576511267_84cb2d5a/8b7242a1-92fa-4036-8528-29c979e6b5b4_2025年中国城市经济百强全景报告.docx',460370,'2026-04-19 13:28:31'),(78,'eb116f25f98248698cb469fc2fcfac3c',61,'2025年中国城市经济百强全景报告.docx','docx','set_1776581708591_60f23e5c/bd98f498-3fdd-44c7-9fd0-4945c6fa1f98_2025年中国城市经济百强全景报告.docx',460370,'2026-04-19 14:55:09'),(79,'eced885306b647c89cbac05a0b33de72',62,'2025年中国城市经济百强全景报告.docx','docx','set_1776584488528_3b3f3878/d4b2a6f8-657a-4acc-b933-344768488edc_2025年中国城市经济百强全景报告.docx',460370,'2026-04-19 15:41:29'),(80,'6f94b835037d46b7a1993e105d2c3d19',63,'2025年中国城市经济百强全景报告.docx','docx','set_1776584986623_0c06aca2/adddbde1-49cb-47d0-8233-3812a74aa0f6_2025年中国城市经济百强全景报告.docx',460370,'2026-04-19 15:49:47'),(81,'17b6de8704e24969854deff344f214de',64,'2025年中国城市经济百强全景报告.docx','docx','set_1776585528325_5e3e2438/3ff3f238-b5f8-472f-b524-cea60dbaeb48_2025年中国城市经济百强全景报告.docx',460370,'2026-04-19 15:58:48'),(82,'42e8cb440ed94e4fb1275a03415c1b86',65,'2025年中国城市经济百强全景报告.docx','docx','set_1776587448549_2fde73a7/e387c217-04d2-46f8-a4f3-c6adfc0caaa4_2025年中国城市经济百强全景报告.docx',460370,'2026-04-19 16:30:49'),(83,'d60290539e6941d1943fef72e73f522f',66,'2025年中国城市经济百强全景报告.docx','docx','set_1776587939380_42ad9855/8f5baa18-05ff-4eff-a333-a524db4202dc_2025年中国城市经济百强全景报告.docx',460370,'2026-04-19 16:38:59'),(84,'1433b93accfb47fb8982d6694546f9a6',67,'2025年中国城市经济百强全景报告.docx','docx','set_1776590952893_e1001260/16b0d483-898f-4844-b3fd-04de46daabed_2025年中国城市经济百强全景报告.docx',460370,'2026-04-19 17:29:13'),(85,'ddaa331761884a4989476c106acc8b57',68,'2025年中国城市经济百强全景报告.docx','docx','set_1776591525026_44e6583f/e606361a-115e-4008-8c54-3c1c44fd395e_2025年中国城市经济百强全景报告.docx',460370,'2026-04-19 17:38:45'),(86,'db3bfdcb8e614cfd9deeea364c1d37d2',69,'2025年中国城市经济百强全景报告.docx','docx','set_1776591563839_28add3b0/942925fc-4a80-4882-8582-4076d55134ff_2025年中国城市经济百强全景报告.docx',460370,'2026-04-19 17:39:24'),(87,'76dff8d63a4140718f01808efebdbed1',70,'2025年中国城市经济百强全景报告.docx','docx','set_1776591677817_101679b6/3ffb7c55-a704-433c-bddc-57d29436aae8_2025年中国城市经济百强全景报告.docx',460370,'2026-04-19 17:41:18'),(88,'42472aa14c5d4ee4850d191fd2d4ed88',71,'2025年中国城市经济百强全景报告.docx','docx','set_1776591734725_f35b96fd/46037c40-23f5-4a9b-bd55-6217ce9ec039_2025年中国城市经济百强全景报告.docx',460370,'2026-04-19 17:42:15'),(89,'f2aaee7ec4084c2681e2f24402bf1057',72,'2025年中国城市经济百强全景报告.docx','docx','set_1776591992859_e8fda9c7/8a25f0ba-3d84-487d-b8c8-1488b8699d4a_2025年中国城市经济百强全景报告.docx',460370,'2026-04-19 17:46:33'),(90,'1a727debe7bf4e7ea76791b98f3eb4fe',73,'2025年中国城市经济百强全景报告.docx','docx','set_1776592599135_6c5e6918/9a5a7601-d02a-445c-a962-8e8ac28173c4_2025年中国城市经济百强全景报告.docx',460370,'2026-04-19 17:56:39'),(91,'753ed4c51e884076926be152f66a09a8',74,'2025年中国城市经济百强全景报告.docx','docx','set_1776592804609_67302a3d/f7355168-a452-407b-8e23-aa97ffc7d537_2025年中国城市经济百强全景报告.docx',460370,'2026-04-19 18:00:05'),(92,'082ea483bccc43d3b4550b5b05266bb3',75,'2025年中国城市经济百强全景报告.docx','docx','set_1776593719261_7ade70af/c5083f10-84f7-4ef9-b730-8ec5376a450d_2025年中国城市经济百强全景报告.docx',460370,'2026-04-19 18:15:19'),(93,'d06279b659ea495cb1e13698fe1b4736',76,'2025年中国城市经济百强全景报告.docx','docx','set_1776598308702_2deafb8a/b5c0d5e7-404e-481e-991b-b26a3e894b17_2025年中国城市经济百强全景报告.docx',460370,'2026-04-19 19:31:49'),(94,'92508321289f43aabb7ddcc80dcbf70d',77,'山东省环境空气质量监测数据信息202512171921_0.xlsx','xlsx','set_1776600679051_2998ef8a/e7ad342a-1681-4800-98fb-21f39c6f9e84_山东省环境空气质量监测数据信息202512171921_0.xlsx',1842334,'2026-04-19 20:11:19'),(95,'7e8865c3f2a4421b9d00e8e9897551dc',78,'2025年中国城市经济百强全景报告.docx','docx','set_1776605189793_f8494762/097a758b-de15-43dc-ac1e-31f477436793_2025年中国城市经济百强全景报告.docx',460370,'2026-04-19 21:26:30'),(96,'16f7465b6ad9470982dc170c27799445',79,'2025年中国城市经济百强全景报告.docx','docx','set_1776605736799_2c8620f1/a429cad1-b2c3-42e6-b2ec-0ed1f58d35ff_2025年中国城市经济百强全景报告.docx',460370,'2026-04-19 21:35:37'),(97,'e2db31861e8b4578bac2aa5f6836b6eb',80,'2025年中国城市经济百强全景报告.docx','docx','set_1776608776998_732b62e1/24bb8ee4-1a60-4023-b2f4-94c62c7bd9c0_2025年中国城市经济百强全景报告.docx',460370,'2026-04-19 22:26:17'),(98,'bedd5fb97f9a49a6980f1dfae419aaa8',81,'2025年中国城市经济百强全景报告.docx','docx','set_1776608832435_b45efb25/cc8cd787-24d1-4020-b499-172956bc8947_2025年中国城市经济百强全景报告.docx',460370,'2026-04-19 22:27:12'),(99,'1590514c37434096b61301a77c3f9242',82,'2025年中国城市经济百强全景报告.docx','docx','set_1776609024726_0058eea5/aa7377c4-764a-4f94-a0b0-f16ed19f3182_2025年中国城市经济百强全景报告.docx',460370,'2026-04-19 22:30:25'),(100,'9f4b6d899d314056b9ba69565220f169',83,'2025年中国城市经济百强全景报告.docx','docx','set_1776610241540_2adf71e1/0d66b3c8-7be3-4654-b13e-053278e623d2_2025年中国城市经济百强全景报告.docx',460370,'2026-04-19 22:50:42'),(101,'188a2ef590784a01862cdbed086f9d09',84,'2025年中国城市经济百强全景报告.docx','docx','set_1776610698057_260af753/b7830b3e-6b99-4783-9292-a718ae61bed9_2025年中国城市经济百强全景报告.docx',460370,'2026-04-19 22:58:18'),(102,'55b3d227c8974216a6b0caf99f04907b',85,'山东省环境空气质量监测数据信息202512171921_0.xlsx','xlsx','set_1776611156102_6fee6f4a/5e8aa13a-a742-4da9-aadb-ffb1ae619b96_山东省环境空气质量监测数据信息202512171921_0.xlsx',1842334,'2026-04-19 23:05:56'),(103,'aca6e91aa78c4a7b81fe875615238fa7',86,'山东省环境空气质量监测数据信息202512171921_0.xlsx','xlsx','set_1776612218989_a785ef35/8d126c0b-1d35-4b3e-8a87-94718d5fb70e_山东省环境空气质量监测数据信息202512171921_0.xlsx',1842334,'2026-04-19 23:23:39'),(104,'0107eb0b6b314a389e5ceccafd518db1',87,'2025山东省环境空气质量监测数据信息-模板.docx','docx','set_1776612362140_05a0d2d8/d86f43df-e896-44c6-97f4-d6b3e4d7e1b6_2025山东省环境空气质量监测数据信息-模板.docx',26941,'2026-04-19 23:26:02'),(105,'97ed6b98856945deb73901e78c850fc4',88,'山东省环境空气质量监测数据信息202512171921_0.xlsx','xlsx','set_1776613337346_fa7a3e0d/3ebe4498-858d-48f7-b58b-1a31e13f6fab_山东省环境空气质量监测数据信息202512171921_0.xlsx',1842334,'2026-04-19 23:42:17'),(106,'2996d38cf6bf46e4829d9d5a0505710b',89,'2025年中国城市经济百强全景报告.docx','docx','set_1776614488913_5e54dc3d/88ab7e94-43ef-40b9-89d8-32527a6aba69_2025年中国城市经济百强全景报告.docx',460370,'2026-04-20 00:01:29'),(107,'ecaa09bbe4fe4005b47acda9175f5fef',90,'2025年中国城市经济百强全景报告.docx','docx','set_1776614865459_b02b8de6/7db8c859-173f-4314-96da-ad54ac2fcc38_2025年中国城市经济百强全景报告.docx',460370,'2026-04-20 00:07:45'),(108,'451a7c70019f410ca2600744e20239fa',91,'2025年中国城市经济百强全景报告.docx','docx','set_1776658613837_76816168/4a42223f-4a11-41ea-921e-e422d3a2499b_2025年中国城市经济百强全景报告.docx',460370,'2026-04-20 12:16:54'),(109,'e2ca3dd027c84b1f8c4fe1edf8593cae',92,'2025年中国城市经济百强全景报告.docx','docx','set_1776660271405_2bf57e74/46c38d3a-03af-492d-93d7-a0d788341180_2025年中国城市经济百强全景报告.docx',460370,'2026-04-20 12:44:31'),(112,'745f8db1c74a41f99bcc0e9fef7b4db0',94,'山东省环境空气质量监测数据信息202512171921_0.xlsx','xlsx','set_1776660773500_1bf8a53f/9abf82bc-6d18-4383-baa3-7ce0b97b07b7_山东省环境空气质量监测数据信息202512171921_0.xlsx',1842334,'2026-04-20 12:52:54'),(114,'d2d2651ccd09464fb6455b72473b4363',96,'2025年中国城市经济百强全景报告.docx','docx','set_1776661270290_a26f0e97/31845d57-6f67-4686-a931-a26e91de5dcd_2025年中国城市经济百强全景报告.docx',460370,'2026-04-20 13:01:10'),(115,'996d2642c1c5471193c7e95f301c4b73',97,'2025年中国城市经济百强全景报告.docx','docx','set_1776661595307_60c47347/ce8a52e1-95a2-4194-88e7-e2fc9361205c_2025年中国城市经济百强全景报告.docx',460370,'2026-04-20 13:06:35'),(116,'42fe1ecb2d594c4bb32ca39e458289a3',98,'山东省环境空气质量监测数据信息202512171921_0.xlsx','xlsx','set_1776667258755_853232e1/321e8586-c968-44ef-b766-8ce99d1cba72_山东省环境空气质量监测数据信息202512171921_0.xlsx',1842334,'2026-04-20 14:40:59'),(117,'1fddfcddd56f474d8878e6a749d7b2c7',99,'山东省环境空气质量监测数据信息202512171921_0.xlsx','xlsx','set_1776667599594_2503cdd8/b6e39328-8421-4c17-a0a0-edc3c4efd052_山东省环境空气质量监测数据信息202512171921_0.xlsx',1842334,'2026-04-20 14:46:40'),(118,'e7550adcc4144437bb09fd3aa8a990a7',100,'山东省环境空气质量监测数据信息202512171921_0.xlsx','xlsx','set_1776667645346_4b0ab0e8/3d8d7dd9-34ef-43a8-93ea-89a3417a485f_山东省环境空气质量监测数据信息202512171921_0.xlsx',1842334,'2026-04-20 14:47:25'),(119,'c119c5ea31544740bfc4821f47ec41eb',101,'山东省环境空气质量监测数据信息202512171921_0.xlsx','xlsx','set_1776681335122_6116bc6b/02340225-844b-4282-a260-5af0945a1a43_山东省环境空气质量监测数据信息202512171921_0.xlsx',1842334,'2026-04-20 18:35:35'),(120,'c25d222282a24dad80407cdd903000c1',102,'中国COVID-19新冠疫情情况.docx','docx','set_1776683357842_f8f05ca6/f045e3ae-34a5-4a15-a20f-c383903bd997_中国COVID-19新冠疫情情况.docx',18893,'2026-04-20 19:09:18'),(121,'e23d5ba0782b4bc798e7e16ee6bdbdac',102,'COVID-19全球数据集（节选）.xlsx','xlsx','set_1776683357842_f8f05ca6/46f31996-72f8-41c4-a0b5-ba5743831880_COVID-19全球数据集（节选）.xlsx',1108853,'2026-04-20 19:09:22'),(122,'a052f24b0e3f44debb81cc53c1cfd316',103,'中国COVID-19新冠疫情情况.docx','docx','set_1776684140161_4767d7c0/2ddf73ee-0c5e-4cf3-83a0-6d9508a4bbd7_中国COVID-19新冠疫情情况.docx',18893,'2026-04-20 19:22:20'),(123,'c99e04d9ae714aca8e21623e6a9255de',104,'COVID-19全球数据集（节选）.xlsx','xlsx','set_1776686750527_1a648a55/e4be1bf4-db71-45fe-8b28-646c7c9f8739_COVID-19全球数据集（节选）.xlsx',1108853,'2026-04-20 20:05:51'),(124,'8fa90c1180314ce8a9ebd1cdbf2d56ce',104,'中国COVID-19新冠疫情情况.docx','docx','set_1776686750527_1a648a55/390d1acb-5b53-4163-9a38-70a84697da5e_中国COVID-19新冠疫情情况.docx',18893,'2026-04-20 20:05:53'),(125,'fbea2342091b489183a0e49e73251a7b',105,'2025年中国城市经济百强全景报告.docx','docx','set_1776687265354_51628197/a31bdcef-4801-4e19-8de1-5aefb36fa950_2025年中国城市经济百强全景报告.docx',460370,'2026-04-20 20:14:25'),(129,'2cd1917ddd494074a1aa33182765ae7a',106,'山东省环境空气质量监测数据信息202512171921_0.xlsx','xlsx','set_1776687681133_2596f947/ad650bd7-dd77-498f-bb1c-ff2beb2e5a7d_山东省环境空气质量监测数据信息202512171921_0.xlsx',1842334,'2026-04-20 20:26:31'),(135,'c970889160d94951a88996db2d003c6f',107,'COVID-19全球数据集（节选）.xlsx','xlsx','set_1776742809114_3506100b/32d61264-8f19-4c75-82ac-57cf2859d431_COVID-19全球数据集（节选）.xlsx',1108853,'2026-04-21 11:44:19'),(136,'12a1e7964c804866bbfdaf7028bb95c5',107,'中国COVID-19新冠疫情情况.docx','docx','set_1776742809114_3506100b/627efd10-ddcf-49ea-8af0-1d331521950f_中国COVID-19新冠疫情情况.docx',18893,'2026-04-21 11:44:22'),(137,'d111a7a6a0af4558a8a0a29d3b8fef41',108,'山东省环境空气质量监测数据信息202512171921_0.xlsx','xlsx','set_1776744253711_5d4a89c7/aff3c56a-619a-431b-bb72-eea7328f98ec_山东省环境空气质量监测数据信息202512171921_0.xlsx',1842334,'2026-04-21 12:04:14'),(138,'c75a60cc43f644558211c2e792dac02c',109,'中国COVID-19新冠疫情情况.docx','docx','set_1776745747727_b5085c33/1a48336f-3667-4024-aa59-02fb5eb178e4_中国COVID-19新冠疫情情况.docx',18893,'2026-04-21 12:29:08'),(139,'b076263a501c41bc8a9dc04b8c3bf323',109,'COVID-19全球数据集（节选）.xlsx','xlsx','set_1776745747727_b5085c33/605e368a-8d3a-4cdf-80f7-86753f5154e6_COVID-19全球数据集（节选）.xlsx',1108853,'2026-04-21 12:29:11'),(140,'dd787540481c473490585ec97a495b4f',110,'中国COVID-19新冠疫情情况.docx','docx','set_1776746957193_a989d961/a5721ace-2df3-45e3-bd22-8296720316ea_中国COVID-19新冠疫情情况.docx',18893,'2026-04-21 12:49:17'),(141,'100c8264f9954541b519660764d6da49',110,'COVID-19全球数据集（节选）.xlsx','xlsx','set_1776746957193_a989d961/3223b290-df29-4e16-947c-3eaf9f8e9e9a_COVID-19全球数据集（节选）.xlsx',1108853,'2026-04-21 12:49:21'),(142,'b67ff0cd3fbe4278a23887c289f2b95e',111,'COVID-19全球数据集（节选）.xlsx','xlsx','set_1776776776752_77f5af89/b4018a7f-38d0-4543-8188-33b3b41f835e_COVID-19全球数据集（节选）.xlsx',1108853,'2026-04-21 21:06:17'),(143,'4db92f4ff08d493a900ed1791ff2de92',111,'中国COVID-19新冠疫情情况.docx','docx','set_1776776776752_77f5af89/a222a551-c5aa-409c-b915-3057e10217ed_中国COVID-19新冠疫情情况.docx',18893,'2026-04-21 21:06:20'),(144,'833663acfcee4e98884b50e1be0d4c3d',112,'COVID-19全球数据集（节选）.xlsx','xlsx','set_1776777029516_a7117fb7/994d56f0-8138-4392-acc5-3fa2caff0ba8_COVID-19全球数据集（节选）.xlsx',1108853,'2026-04-21 21:10:30'),(145,'594e500c5b6644acbbfbc8ee467b1b3b',112,'中国COVID-19新冠疫情情况.docx','docx','set_1776777029516_a7117fb7/d111e3c3-beb6-43e0-9f09-062631d8146a_中国COVID-19新冠疫情情况.docx',18893,'2026-04-21 21:10:33'),(146,'b4bf39c511454c469034ed5193dc44ea',113,'中国COVID-19新冠疫情情况.docx','docx','set_1776777825382_1a4a6172/0cac8f62-cc4a-4ec4-9475-66aee0cddf8d_中国COVID-19新冠疫情情况.docx',18893,'2026-04-21 21:23:45'),(147,'f3fd4632448841108acbda933fa88629',113,'COVID-19全球数据集（节选）.xlsx','xlsx','set_1776777825382_1a4a6172/e3af9f5b-d4d7-48a5-8c1f-a95f6e54224e_COVID-19全球数据集（节选）.xlsx',1108853,'2026-04-21 21:23:49'),(149,'8444434015464d6fb0765122c29835ff',115,'中国COVID-19新冠疫情情况.docx','docx','set_1776778249303_0cc34d16/7758c306-717a-4527-9b1f-b76d86a68a4a_中国COVID-19新冠疫情情况.docx',18893,'2026-04-21 21:30:49'),(150,'384ef6f7f59c4c81a5d98b66c9a220fc',115,'COVID-19全球数据集（节选）.xlsx','xlsx','set_1776778249303_0cc34d16/56d125a5-4f11-4fc1-8177-6e85f6e8754c_COVID-19全球数据集（节选）.xlsx',1108853,'2026-04-21 21:30:52'),(151,'d9fba47e33e54a42ac083e01573cf620',116,'中国COVID-19新冠疫情情况.docx','docx','set_1776778721435_a0bea93a/84f1eb0c-7858-40df-bb8d-359afd6bae5b_中国COVID-19新冠疫情情况.docx',18893,'2026-04-21 21:38:41'),(152,'b9e4d39717d546808f3f2d80f22dd8f4',116,'COVID-19全球数据集（节选）.xlsx','xlsx','set_1776778721435_a0bea93a/408e3ef9-9d39-4de7-aa0f-4a5443594e6e_COVID-19全球数据集（节选）.xlsx',1108853,'2026-04-21 21:38:44');
/*!40000 ALTER TABLE `document` ENABLE KEYS */;
UNLOCK TABLES;

--
-- Table structure for table `document_set`
--

DROP TABLE IF EXISTS `document_set`;
/*!40101 SET @saved_cs_client     = @@character_set_client */;
/*!50503 SET character_set_client = utf8mb4 */;
CREATE TABLE `document_set` (
  `id` bigint NOT NULL AUTO_INCREMENT COMMENT '文档集ID',
  `public_id` varchar(64) NOT NULL,
  `owner_id` bigint DEFAULT NULL COMMENT '创建该文档集的用户ID',
  `name` varchar(255) NOT NULL COMMENT '文档集名称/描述，例如：官方测试集1',
  `created_at` datetime NOT NULL DEFAULT CURRENT_TIMESTAMP COMMENT '创建时间',
  PRIMARY KEY (`id`),
  UNIQUE KEY `uk_document_set_public_id` (`public_id`),
  KEY `idx_document_set_owner_id` (`owner_id`)
) ENGINE=InnoDB AUTO_INCREMENT=117 DEFAULT CHARSET=utf8mb4 COLLATE=utf8mb4_0900_ai_ci COMMENT='文档集：一次批量上传的文档集合';
/*!40101 SET character_set_client = @saved_cs_client */;

--
-- Dumping data for table `document_set`
--

LOCK TABLES `document_set` WRITE;
/*!40000 ALTER TABLE `document_set` DISABLE KEYS */;
INSERT INTO `document_set` VALUES (1,'6b743be5342f11f1b162fc5cee6659c6',NULL,'set_1772542610931_65b5bd4c','2026-03-03 20:56:51'),(2,'6b74b556342f11f1b162fc5cee6659c6',NULL,'set_1772542666050_5fa0481c','2026-03-03 20:57:46'),(3,'6b74bf89342f11f1b162fc5cee6659c6',2,'set_1774070880694_34c8bfe1','2026-03-21 13:28:01'),(4,'6b74c246342f11f1b162fc5cee6659c6',2,'set_1774072675471_ab2da0db','2026-03-21 13:57:55'),(5,'6b74c431342f11f1b162fc5cee6659c6',2,'set_1774072962468_ca9c63bf','2026-03-21 14:02:42'),(6,'6b74c604342f11f1b162fc5cee6659c6',2,'set_1774268044388_d363cb76','2026-03-23 20:14:04'),(7,'6b74c7c6342f11f1b162fc5cee6659c6',2,'set_1774269785557_d947ea17','2026-03-23 20:43:06'),(8,'6b74d729342f11f1b162fc5cee6659c6',2,'set_1774271129103_d2e3ee8a','2026-03-23 21:05:29'),(9,'6b74fcd6342f11f1b162fc5cee6659c6',2,'set_1774344205482_69bfdce3','2026-03-24 17:23:25'),(10,'6b7502f8342f11f1b162fc5cee6659c6',2,'set_1774344621515_711abfdc','2026-03-24 17:30:22'),(11,'6b75056a342f11f1b162fc5cee6659c6',2,'set_1774345844097_cc501f0e','2026-03-24 17:50:44'),(12,'6b75077b342f11f1b162fc5cee6659c6',2,'set_1775144963932_6c481198','2026-04-02 23:49:24'),(13,'6b750956342f11f1b162fc5cee6659c6',2,'set_1775145015079_71dd510d','2026-04-02 23:50:15'),(14,'6b750b27342f11f1b162fc5cee6659c6',2,'set_1775145751030_f46e9f5b','2026-04-03 00:02:31'),(15,'4ac2fb51585e4f969e58e3eecc194ab8',NULL,'set_1775751604598_fd31ffc9','2026-04-10 00:20:05'),(16,'7c7f43957a054ac29eff41b0e0b0a6fb',NULL,'set_1775751656675_bb4c0b9d','2026-04-10 00:20:57'),(17,'5f133a02ece04642a29167d51a7c3c54',NULL,'set_1775752560852_6d727f22','2026-04-10 00:36:01'),(18,'5c86d95f16cc4fd48045ce2c6dd96c27',2,'set_1775817733525_288e4ea1','2026-04-10 18:42:14'),(19,'b12af78c4ad247f6968ad9abf5ec113d',2,'set_1775832127269_e6b09c56','2026-04-10 22:42:07'),(20,'476d4fd0611c401ea4d80f87cc0f090a',2,'set_1775832158478_c6912843','2026-04-10 22:42:38'),(21,'3bcb39b95acb49a9abe0f335c4935ce6',2,'set_1775832283121_e343eab8','2026-04-10 22:44:43'),(22,'9110fd06ca89498ca35f4ad6ab59182a',NULL,'set_1775832551259_0664871e','2026-04-10 22:49:11'),(23,'6973b0a304d84ddab659be511e3fecd6',NULL,'set_1775832675070_c50c0408','2026-04-10 22:51:15'),(24,'d5f6f5bb25ea466094b3ba228b883151',NULL,'set_1775832820196_02c1b512','2026-04-10 22:53:40'),(25,'24b7cecbe8d1427a9e6630c81fed2d3b',NULL,'set_1775832853057_374c53d6','2026-04-10 22:54:13'),(26,'ae83cf3e383e4996b5eb39d9c317828c',2,'set_1775832895654_0ed36d91','2026-04-10 22:54:56'),(27,'d0d2939e6f584650a50b622c7f02d264',2,'set_1775832944949_8f452c24','2026-04-10 22:55:45'),(28,'15d76b66a9904f278d5c077f68bd5072',2,'set_1775832965710_56847489','2026-04-10 22:56:06'),(29,'ff0de675beea4ce287f2047aad23afd8',2,'set_1775832979620_9c5ca7f7','2026-04-10 22:56:20'),(30,'5a5b71486d1d4b97a3cd700c8728fa3e',2,'set_1775833042589_81b0fbfe','2026-04-10 22:57:23'),(33,'43c4a58494534c15b99d0fa74accce0a',2,'set_1775833100864_6cbd49ba','2026-04-10 22:58:21'),(34,'5ced32298cb84ed786afed8631fdb7b5',2,'set_1775833175128_3c754abe','2026-04-10 22:59:35'),(35,'372a54a7cf0d46ddab9356a8b307b001',2,'set_1775908925452_33b7b259','2026-04-11 20:02:05'),(37,'2581d2cad5b14eb7afcd964c24ec9df7',2,'set_1775908972224_dc8ee442','2026-04-11 20:02:52'),(39,'0d160bc4c60248868323dfac1b747b9c',NULL,'set_1775909268545_e995edfb','2026-04-11 20:07:49'),(40,'275335d96c7e49e2b9135be9451efb45',NULL,'set_1775909295984_7058e13a','2026-04-11 20:08:16'),(41,'66111f71a83c4703843eda30f74276a6',NULL,'set_1775910225607_3892f46b','2026-04-11 20:23:46'),(42,'e8fbd3c019994592ba4b50ff18ab9347',NULL,'set_1775914861189_a9fcf07e','2026-04-11 21:41:01'),(43,'353e1e678acf45c288e1b903ed99f3c2',NULL,'set_1775916713726_94182e8a','2026-04-11 22:11:54'),(44,'fb952e9b17e0493a99474ac71bb29306',2,'set_1776239894336_6bc648cc','2026-04-15 15:58:14'),(45,'e78a4d858487449c83469b596c45d6aa',2,'set_1776248311487_32a1dc98','2026-04-15 18:18:31'),(46,'ca90921768004f99b358f7bb1f524c21',2,'set_1776249060626_c367b8e3','2026-04-15 18:31:01'),(47,'64bdb05b305a47458a861e0ee7af624a',2,'set_1776310663307_925facdb','2026-04-16 11:37:43'),(48,'cbb3bc33d9d44d4c82dc93e31c539115',2,'set_1776322281607_f0de351d','2026-04-16 14:51:22'),(49,'e1b6367ef6ab469ca7a6ae6c18d769e1',2,'set_1776322847817_d0a32606','2026-04-16 15:00:48'),(50,'9ec9ac88732c42218f513950014fc72d',NULL,'set_1776350601280_3d9ff8ec','2026-04-16 22:43:21'),(51,'1eba9836cf3f41ab9abb3b3c0fc9a243',7,'set_1776404608778_bdb79412','2026-04-17 13:43:29'),(52,'b48cd5090ed94eb98cba85b6aee5c3a5',NULL,'set_1776433048879_022bdf07','2026-04-17 21:37:29'),(53,'be45d4811b324bd1afec29b71ef94b65',2,'set_1776442267613_6c3f95c9','2026-04-18 00:11:08'),(54,'30fe68ac5a254f8e8641de532d763055',2,'set_1776447384875_cd941d23','2026-04-18 01:36:25'),(55,'69a9f58481b34fc6b85c6757ef6893e8',9,'set_1776488058424_3279e727','2026-04-18 12:54:18'),(56,'793d04d3f70c44b08735ab41dd2157b3',15,'set_1776490297406_51ea19b8','2026-04-18 13:31:37'),(57,'c91582062eb7498c9d863d54ed9068a2',17,'set_1776490333286_df56d698','2026-04-18 13:32:13'),(58,'dfe8589030794925b5f2d8769fc43a92',18,'set_1776490354921_57207b59','2026-04-18 13:32:35'),(59,'6ad4e92f97bc4772941118bc12055c23',9,'set_1776576462560_d26d37ba','2026-04-19 13:27:43'),(60,'d253637ab1464e5c94a38818b8c46a4c',9,'set_1776576511267_84cb2d5a','2026-04-19 13:28:31'),(61,'0f3dab3fa5c94d8c86cb8009107b79ff',NULL,'set_1776581708591_60f23e5c','2026-04-19 14:55:09'),(62,'6adbb4998149454788c74bbb28944e4c',9,'set_1776584488528_3b3f3878','2026-04-19 15:41:29'),(63,'3efd46c9eb8f48f1aa0baf1fd5f4713c',9,'set_1776584986623_0c06aca2','2026-04-19 15:49:47'),(64,'4828b3c97eb147358f675ee2e9a62989',9,'set_1776585528325_5e3e2438','2026-04-19 15:58:48'),(65,'e9543057d06540db840927ca237a64a6',9,'set_1776587448549_2fde73a7','2026-04-19 16:30:49'),(66,'8fedde66716c42f885eaa96ee88e8899',9,'set_1776587939380_42ad9855','2026-04-19 16:38:59'),(67,'0c7a2c8ae67f4abc9ff97e900984656d',NULL,'set_1776590952893_e1001260','2026-04-19 17:29:13'),(68,'6d6f52422c7847c5bbbfbd31e04cf10f',NULL,'set_1776591525026_44e6583f','2026-04-19 17:38:45'),(69,'2e40a02e56664c41916e7e5c07d39b5b',NULL,'set_1776591563839_28add3b0','2026-04-19 17:39:24'),(70,'2858d80777f5462b927cac71aaf64db8',NULL,'set_1776591677817_101679b6','2026-04-19 17:41:18'),(71,'dde32c46523948c4ae5fa3c8bd455d52',NULL,'set_1776591734725_f35b96fd','2026-04-19 17:42:15'),(72,'081734d0ca104a34a23f64a651d226ef',NULL,'set_1776591992859_e8fda9c7','2026-04-19 17:46:33'),(73,'165352dd948c407a9bb4d2a92fa6979f',2,'set_1776592599135_6c5e6918','2026-04-19 17:56:39'),(74,'fb4e6332d8054f0883f216dc92e5f4b9',NULL,'set_1776592804609_67302a3d','2026-04-19 18:00:05'),(75,'7a631ae5cd7c4cc39d5e1d770f896faa',NULL,'set_1776593719261_7ade70af','2026-04-19 18:15:19'),(76,'62a0b8f824224f34a81789043ad5ce88',2,'set_1776598308702_2deafb8a','2026-04-19 19:31:49'),(77,'37d1578c4b634d3ab2f3c2ed47b09e20',2,'set_1776600679051_2998ef8a','2026-04-19 20:11:19'),(78,'4c138e9fa91b4796a5f5ff9fab2144ee',9,'set_1776605189793_f8494762','2026-04-19 21:26:30'),(79,'aacd64c77a184001b13850ec5c25a5da',9,'set_1776605736799_2c8620f1','2026-04-19 21:35:37'),(80,'8c273b8990de4cee8cadf639886e9e7d',9,'set_1776608776998_732b62e1','2026-04-19 22:26:17'),(81,'3cd453b4935b485097bd0cc4ec08b402',9,'set_1776608832435_b45efb25','2026-04-19 22:27:12'),(82,'93d77c0a5833496ca8a7cacfa04b40f4',9,'set_1776609024726_0058eea5','2026-04-19 22:30:25'),(83,'0f2c7fcade734d18a235370f78648edf',9,'set_1776610241540_2adf71e1','2026-04-19 22:50:42'),(84,'27d7c9b26db44738b0a3d673e5eb0e1f',NULL,'set_1776610698057_260af753','2026-04-19 22:58:18'),(85,'b18fe90de12040878fbc5cc4fc42e2d9',9,'set_1776611156102_6fee6f4a','2026-04-19 23:05:56'),(86,'537a5989babf4d40a20ecd7e1e2d53b4',9,'set_1776612218989_a785ef35','2026-04-19 23:23:39'),(87,'3ef1049498834fb8b2538737736a8344',9,'set_1776612362140_05a0d2d8','2026-04-19 23:26:02'),(88,'d638c5cd813f40be8ad4baa41780a860',9,'set_1776613337346_fa7a3e0d','2026-04-19 23:42:17'),(89,'986f3c6c51d64908bb3201067eb1efa3',9,'set_1776614488913_5e54dc3d','2026-04-20 00:01:29'),(90,'e090f116919849a99ea538a3e8ae461f',9,'set_1776614865459_b02b8de6','2026-04-20 00:07:45'),(91,'fccce2e3541b45dc9426a6cbad1b4e2c',9,'set_1776658613837_76816168','2026-04-20 12:16:54'),(92,'4f39a701a83d47b498ff144d93cd11ac',9,'set_1776660271405_2bf57e74','2026-04-20 12:44:31'),(94,'d527410b5ee94ab09b55134db8a7ae56',9,'set_1776660773500_1bf8a53f','2026-04-20 12:52:54'),(96,'b415d4a929fa4f82a1df9f5d4e24cf4c',9,'set_1776661270290_a26f0e97','2026-04-20 13:01:10'),(97,'c85116da4e984dae977c9a0804ad4770',9,'set_1776661595307_60c47347','2026-04-20 13:06:35'),(98,'c746ff423c85481ea9d842b417fd88f8',NULL,'set_1776667258755_853232e1','2026-04-20 14:40:59'),(99,'b2a121910c394510933b2526859228c5',NULL,'set_1776667599594_2503cdd8','2026-04-20 14:46:40'),(100,'da0640c88c694a63a03f196b7ebbd4da',NULL,'set_1776667645346_4b0ab0e8','2026-04-20 14:47:25'),(101,'cd0ad972c5444153801f5e8dc29778f3',9,'set_1776681335122_6116bc6b','2026-04-20 18:35:35'),(102,'5de19b73580a4f1dbe4fc415da22c686',9,'set_1776683357842_f8f05ca6','2026-04-20 19:09:18'),(103,'c23d90b4892547bba4aab511a392d1e1',2,'set_1776684140161_4767d7c0','2026-04-20 19:22:20'),(104,'0bcde9b62b364be58780b6262b2d3006',9,'set_1776686750527_1a648a55','2026-04-20 20:05:51'),(105,'175ba29e593e46748e4b9fa4416f02f4',9,'set_1776687265354_51628197','2026-04-20 20:14:25'),(106,'2e6d5ece42b44aeaa88ebc67cec8fa13',9,'set_1776687681133_2596f947','2026-04-20 20:21:21'),(107,'a70a29a8ee5c476eabc2fa12a7161572',9,'set_1776742809114_3506100b','2026-04-21 11:40:09'),(108,'fc2bc6721dc4472b971d9686e05eb47b',9,'set_1776744253711_5d4a89c7','2026-04-21 12:04:14'),(109,'74fefa7d6c03416eb70ffb6da34909ed',9,'set_1776745747727_b5085c33','2026-04-21 12:29:08'),(110,'c056a47fb60e4c6b882799ca48100465',9,'set_1776746957193_a989d961','2026-04-21 12:49:17'),(111,'ee46de4c7ed44d31aeaeda42be078c7e',9,'set_1776776776752_77f5af89','2026-04-21 21:06:17'),(112,'ef362af6bc6a47aea70fe692fb0a3cb8',9,'set_1776777029516_a7117fb7','2026-04-21 21:10:30'),(113,'2973ae4dd406482da9f565016f596d4d',9,'set_1776777825382_1a4a6172','2026-04-21 21:23:45'),(114,'59e020faa7994c94996739e7608130e2',9,'set_1776778246205_9c610115','2026-04-21 21:30:46'),(115,'0bd896e120f8471db946a99286650fae',9,'set_1776778249303_0cc34d16','2026-04-21 21:30:49'),(116,'d9925ecf63314e499534352c8d3bf832',9,'set_1776778721435_a0bea93a','2026-04-21 21:38:41');
/*!40000 ALTER TABLE `document_set` ENABLE KEYS */;
UNLOCK TABLES;

--
-- Table structure for table `extracted_value`
--

DROP TABLE IF EXISTS `extracted_value`;
/*!40101 SET @saved_cs_client     = @@character_set_client */;
/*!50503 SET character_set_client = utf8mb4 */;
CREATE TABLE `extracted_value` (
  `id` bigint NOT NULL AUTO_INCREMENT COMMENT '抽取结果ID',
  `public_id` varchar(64) NOT NULL,
  `document_id` bigint NOT NULL COMMENT '来源文档ID',
  `field_schema_id` bigint NOT NULL COMMENT '字段定义ID',
  `field_value` text NOT NULL COMMENT '抽取到的字段值（字符串形式）',
  `confidence` decimal(5,4) DEFAULT NULL COMMENT '置信度 0~1，例如 0.9234',
  `created_at` datetime NOT NULL DEFAULT CURRENT_TIMESTAMP COMMENT '创建时间',
  PRIMARY KEY (`id`),
  UNIQUE KEY `uk_extracted_value_public_id` (`public_id`),
  KEY `idx_extracted_document_id` (`document_id`),
  KEY `idx_extracted_field_schema_id` (`field_schema_id`),
  CONSTRAINT `fk_extracted_document` FOREIGN KEY (`document_id`) REFERENCES `document` (`id`) ON DELETE CASCADE,
  CONSTRAINT `fk_extracted_field_schema` FOREIGN KEY (`field_schema_id`) REFERENCES `field_schema` (`id`) ON DELETE CASCADE
) ENGINE=InnoDB DEFAULT CHARSET=utf8mb4 COLLATE=utf8mb4_0900_ai_ci COMMENT='抽取结果：非结构化文档中抽取出的字段值';
/*!40101 SET character_set_client = @saved_cs_client */;

--
-- Dumping data for table `extracted_value`
--

LOCK TABLES `extracted_value` WRITE;
/*!40000 ALTER TABLE `extracted_value` DISABLE KEYS */;
/*!40000 ALTER TABLE `extracted_value` ENABLE KEYS */;
UNLOCK TABLES;

--
-- Table structure for table `field_schema`
--

DROP TABLE IF EXISTS `field_schema`;
/*!40101 SET @saved_cs_client     = @@character_set_client */;
/*!50503 SET character_set_client = utf8mb4 */;
CREATE TABLE `field_schema` (
  `id` bigint NOT NULL AUTO_INCREMENT COMMENT '字段定义ID',
  `public_id` varchar(64) NOT NULL,
  `code` varchar(100) NOT NULL COMMENT '字段编码，如 student_name, amount',
  `display_name` varchar(255) NOT NULL COMMENT '字段中文名，例如 学生姓名、金额',
  `data_type` varchar(50) NOT NULL COMMENT '数据类型：string/number/date 等',
  `description` varchar(512) DEFAULT NULL COMMENT '字段含义说明',
  `enabled` tinyint(1) NOT NULL DEFAULT '1' COMMENT '是否启用：1-启用，0-停用',
  `created_at` datetime NOT NULL DEFAULT CURRENT_TIMESTAMP COMMENT '创建时间',
  PRIMARY KEY (`id`),
  UNIQUE KEY `code` (`code`),
  UNIQUE KEY `uk_field_schema_public_id` (`public_id`)
) ENGINE=InnoDB DEFAULT CHARSET=utf8mb4 COLLATE=utf8mb4_0900_ai_ci COMMENT='字段定义：描述可抽取的业务字段';
/*!40101 SET character_set_client = @saved_cs_client */;

--
-- Dumping data for table `field_schema`
--

LOCK TABLES `field_schema` WRITE;
/*!40000 ALTER TABLE `field_schema` DISABLE KEYS */;
/*!40000 ALTER TABLE `field_schema` ENABLE KEYS */;
UNLOCK TABLES;

--
-- Table structure for table `fill_task`
--

DROP TABLE IF EXISTS `fill_task`;
/*!40101 SET @saved_cs_client     = @@character_set_client */;
/*!50503 SET character_set_client = utf8mb4 */;
CREATE TABLE `fill_task` (
  `id` bigint NOT NULL AUTO_INCREMENT COMMENT '填表任务ID',
  `public_id` varchar(64) NOT NULL,
  `user_id` bigint DEFAULT NULL COMMENT '创建任务的用户ID，可为空（未登录）',
  `document_set_id` bigint NOT NULL COMMENT '使用的文档集ID',
  `template_id` bigint DEFAULT NULL COMMENT '使用的模板ID，FREE 模式为空',
  `mode` varchar(32) NOT NULL DEFAULT 'TEMPLATE' COMMENT '任务模式：TEMPLATE（模板模式）/ FREE（自由模式）',
  `user_requirement` varchar(512) DEFAULT NULL COMMENT '自由模式下的用户需求描述',
  `status` varchar(32) NOT NULL DEFAULT 'PENDING' COMMENT '任务状态：PENDING/RUNNING/SUCCESS/FAILED/TIMEOUT/CANCELLED',
  `result_file_path` varchar(512) DEFAULT NULL COMMENT '生成的结果表格文件路径',
  `result_files_json` json DEFAULT NULL COMMENT '多结果文件清单（JSON）',
  `created_at` datetime NOT NULL DEFAULT CURRENT_TIMESTAMP COMMENT '任务创建时间',
  `finished_at` datetime DEFAULT NULL COMMENT '任务完成时间',
  `error_message` varchar(512) DEFAULT NULL COMMENT '如失败，记录错误信息',
  `version` bigint NOT NULL DEFAULT '0' COMMENT '乐观锁版本号，每次更新+1',
  `ai_remote_task_id` varchar(128) DEFAULT NULL COMMENT '远端 AI 任务ID',
  `ai_provider` varchar(64) DEFAULT NULL COMMENT 'AI 供应商标识',
  `ai_model` varchar(128) DEFAULT NULL COMMENT 'AI 模型名',
  `input_tokens` bigint DEFAULT NULL COMMENT '输入 token 数',
  `output_tokens` bigint DEFAULT NULL COMMENT '输出 token 数',
  `total_tokens` bigint DEFAULT NULL COMMENT '总 token 数',
  `ai_cost` decimal(18,8) DEFAULT NULL COMMENT '本次 AI 成本',
  `ai_cost_currency` varchar(16) DEFAULT NULL COMMENT '成本币种',
  `ai_cost_estimated` tinyint(1) DEFAULT NULL COMMENT '是否后端估算成本',
  `ai_usage_raw` json DEFAULT NULL COMMENT '供应商 usage 原始 JSON',
  PRIMARY KEY (`id`),
  UNIQUE KEY `uk_fill_task_public_id` (`public_id`),
  KEY `idx_fill_document_set_id` (`document_set_id`),
  KEY `idx_fill_template_id` (`template_id`),
  KEY `idx_fill_user_id` (`user_id`),
  CONSTRAINT `fk_fill_task_document_set` FOREIGN KEY (`document_set_id`) REFERENCES `document_set` (`id`) ON DELETE CASCADE,
  CONSTRAINT `fk_fill_task_template` FOREIGN KEY (`template_id`) REFERENCES `template` (`id`) ON DELETE CASCADE
) ENGINE=InnoDB AUTO_INCREMENT=116 DEFAULT CHARSET=utf8mb4 COLLATE=utf8mb4_0900_ai_ci COMMENT='填表任务：异步调用单元，记录每次自动填表的状态与结果';
/*!40101 SET character_set_client = @saved_cs_client */;

--
-- Dumping data for table `fill_task`
--

LOCK TABLES `fill_task` WRITE;
/*!40000 ALTER TABLE `fill_task` DISABLE KEYS */;
INSERT INTO `fill_task` VALUES (1,'04ee77b9333c11f19eb9fc5cee6659c6',NULL,1,1,'TEMPLATE',NULL,'SUCCESS','fill_1_3140e6c9_contract_template_v1.xlsx',NULL,'2026-03-03 21:02:59','2026-03-03 21:02:59',NULL,0,NULL,NULL,NULL,NULL,NULL,NULL,NULL,NULL,NULL,NULL),(2,'04ef14a8333c11f19eb9fc5cee6659c6',NULL,1,NULL,'FREE','按合同列出所有文件名，后面我们会改成金额+日期汇总','SUCCESS','free_2_ba63798f.xlsx',NULL,'2026-03-03 21:07:05','2026-03-03 21:07:05',NULL,0,NULL,NULL,NULL,NULL,NULL,NULL,NULL,NULL,NULL,NULL),(3,'04ef1bf8333c11f19eb9fc5cee6659c6',2,3,2,'TEMPLATE','按模板填：提取关键信息并落位','SUCCESS','fill_3_72df8f40_contract_template_v1.xlsx',NULL,'2026-03-21 13:40:48','2026-03-21 13:40:48',NULL,0,NULL,NULL,NULL,NULL,NULL,NULL,NULL,NULL,NULL,NULL),(4,'04ef1f73333c11f19eb9fc5cee6659c6',2,5,4,'TEMPLATE','按模板填：提取关键信息并落位','SUCCESS','fill_4_761162eb_contract_template_v1.xlsx',NULL,'2026-03-21 14:09:06','2026-03-21 14:09:06',NULL,0,NULL,NULL,NULL,NULL,NULL,NULL,NULL,NULL,NULL,NULL),(5,'04ef227f333c11f19eb9fc5cee6659c6',2,6,5,'TEMPLATE','帮我只能填表','FAILED',NULL,NULL,'2026-03-23 20:14:24','2026-03-23 20:15:28','AI 填表任务失败: process exit code 1',0,NULL,NULL,NULL,NULL,NULL,NULL,NULL,NULL,NULL,NULL),(6,'04ef25a7333c11f19eb9fc5cee6659c6',2,6,5,'TEMPLATE','帮我智能填表','SUCCESS','fill_5fb2f134c9d9_0c2e611f_2025年中国城市经济百强全景报告-模板.xlsx',NULL,'2026-03-23 20:21:13','2026-03-23 20:21:16',NULL,0,NULL,NULL,NULL,NULL,NULL,NULL,NULL,NULL,NULL,NULL),(7,'04ef284a333c11f19eb9fc5cee6659c6',2,6,5,'TEMPLATE','帮我智能填表','SUCCESS','fill_31f21eeabe2f_7ae48dd3_2025年中国城市经济百强全景报告-模板.xlsx',NULL,'2026-03-23 20:32:07','2026-03-23 20:32:09',NULL,0,NULL,NULL,NULL,NULL,NULL,NULL,NULL,NULL,NULL,NULL),(8,'04ef2b32333c11f19eb9fc5cee6659c6',2,6,5,'TEMPLATE','帮我智能填表','SUCCESS','fill_a32aba46ac34_0760da9e_2025年中国城市经济百强全景报告-模板.xlsx',NULL,'2026-03-23 20:32:23','2026-03-23 20:32:26',NULL,0,NULL,NULL,NULL,NULL,NULL,NULL,NULL,NULL,NULL,NULL),(9,'04ef2d97333c11f19eb9fc5cee6659c6',2,7,6,'TEMPLATE','完成填表工作，要求提取表格中对应数据。模板文件中对应有三个表，并且每一个表上文均有对该表的描述。表一：监测时间：2025-11-25 09:00:00.0，城市：德州市。表二：监测时间：2025-11-25 09:00:00.0，城市：潍坊市。表三：监测时间：2025-11-25 09:00:00.0，城市：临沂市。','FAILED',NULL,NULL,'2026-03-23 20:46:59','2026-03-23 20:47:57','AI 填表任务失败: process exit code 1',0,NULL,NULL,NULL,NULL,NULL,NULL,NULL,NULL,NULL,NULL),(10,'04ef3087333c11f19eb9fc5cee6659c6',2,7,6,'TEMPLATE','完成填表工作，要求提取表格中对应数据。模板文件中对应有三个表，并且每一个表上文均有对该表的描述。表一：监测时间：2025-11-25 09:00:00.0，城市：德州市。表二：监测时间：2025-11-25 09:00:00.0，城市：潍坊市。表三：监测时间：2025-11-25 09:00:00.0，城市：临沂市。','SUCCESS','fill_2839e0fd8fb3_ccc78b32_2025山东省环境空气质量监测数据信息-模板.docx',NULL,'2026-03-23 20:50:18','2026-03-23 20:50:45','AI 填表任务失败: process exit code 1',0,NULL,NULL,NULL,NULL,NULL,NULL,NULL,NULL,NULL,NULL),(11,'04ef32cc333c11f19eb9fc5cee6659c6',2,7,6,'TEMPLATE','完成填表工作，要求提取表格中对应数据。模板文件中对应有三个表，并且每一个表上文均有对该表的描述。表一：监测时间：2025-11-25 09:00:00.0，城市：德州市。表二：监测时间：2025-11-25 09:00:00.0，城市：潍坊市。表三：监测时间：2025-11-25 09:00:00.0，城市：临沂市。','SUCCESS','fill_1ca1bacbd7ee_e3f56e7e_2025山东省环境空气质量监测数据信息-模板.docx',NULL,'2026-03-23 20:53:00','2026-03-23 20:53:06',NULL,0,NULL,NULL,NULL,NULL,NULL,NULL,NULL,NULL,NULL,NULL),(12,'04ef3586333c11f19eb9fc5cee6659c6',2,5,6,'TEMPLATE','完成填表工作，要求提取表格中对应数据。模板文件中对应有三个表，并且每一个表上文均有对该表的描述。表一：监测时间：2025-11-25 09:00:00.0，城市：德州市。表二：监测时间：2025-11-25 09:00:00.0，城市：潍坊市。表三：监测时间：2025-11-25 09:00:00.0，城市：临沂市。','FAILED',NULL,NULL,'2026-03-23 20:54:49','2026-03-23 20:55:39','输入文档不存在: 合同A.txt',0,NULL,NULL,NULL,NULL,NULL,NULL,NULL,NULL,NULL,NULL),(13,'04ef380c333c11f19eb9fc5cee6659c6',2,5,6,'TEMPLATE','帮我智能填表','FAILED',NULL,NULL,'2026-03-23 20:55:07','2026-03-23 20:55:57','输入文档不存在: 合同A.txt',0,NULL,NULL,NULL,NULL,NULL,NULL,NULL,NULL,NULL,NULL),(14,'04ef3a66333c11f19eb9fc5cee6659c6',2,6,5,'TEMPLATE','帮我智能填表','SUCCESS','fill_0dbdacf04363_7c5229fe_2025年中国城市经济百强全景报告-模板.xlsx',NULL,'2026-03-23 20:55:48','2026-03-23 20:55:50',NULL,0,NULL,NULL,NULL,NULL,NULL,NULL,NULL,NULL,NULL,NULL),(15,'04ef3c95333c11f19eb9fc5cee6659c6',2,6,5,'TEMPLATE','帮我智能填表','SUCCESS','fill_b3884719a913_00de9a38_2025年中国城市经济百强全景报告-模板.xlsx',NULL,'2026-03-23 20:59:31','2026-03-23 20:59:33',NULL,0,NULL,NULL,NULL,NULL,NULL,NULL,NULL,NULL,NULL,NULL),(16,'04ef4027333c11f19eb9fc5cee6659c6',2,8,7,'TEMPLATE','帮我智能填表','FAILED',NULL,NULL,'2026-03-23 21:06:02','2026-03-23 21:26:03','AI 填表任务超时(180s), lastStatus=running',0,NULL,NULL,NULL,NULL,NULL,NULL,NULL,NULL,NULL,NULL),(17,'04ef423f333c11f19eb9fc5cee6659c6',2,6,5,'TEMPLATE','帮我智能填表','SUCCESS','fill_3c1a76329c79_0c84d3a4_2025年中国城市经济百强全景报告-模板.xlsx',NULL,'2026-03-23 21:20:13','2026-03-23 21:22:54',NULL,0,NULL,NULL,NULL,NULL,NULL,NULL,NULL,NULL,NULL,NULL),(18,'04ef45ac333c11f19eb9fc5cee6659c6',2,9,8,'TEMPLATE','完成填表工作，要求提取表格中对应数据。模板文件中对应有三个表，并且每一个表上文均有对该表的描述。表一：监测时间：2025-11-25 09:00:00.0，城市：德州市。表二：监测时间：2025-11-25 09:00:00.0，城市：潍坊市。表三：监测时间：2025-11-25 09:00:00.0，城市：临沂市','SUCCESS','fill_da2598a1a325_dee687b8_2025山东省环境空气质量监测数据信息-模板.docx',NULL,'2026-03-24 17:25:57','2026-03-24 17:26:05',NULL,0,NULL,NULL,NULL,NULL,NULL,NULL,NULL,NULL,NULL,NULL),(19,'04ef485d333c11f19eb9fc5cee6659c6',2,10,9,'TEMPLATE','帮我智能填表','TIMEOUT',NULL,NULL,'2026-03-24 17:30:38','2026-03-24 17:36:48','检测到 RUNNING 超时，已由恢复任务自动补偿重试',1,NULL,NULL,NULL,NULL,NULL,NULL,NULL,NULL,NULL,NULL),(20,'04ef4ac0333c11f19eb9fc5cee6659c6',2,10,9,'TEMPLATE','帮我智能填表','SUCCESS','fill_b9d83da57bcd_6f6e875c_COVID-19 模板.xlsx',NULL,'2026-03-24 17:39:41','2026-03-24 17:46:28',NULL,0,NULL,NULL,NULL,NULL,NULL,NULL,NULL,NULL,NULL,NULL),(21,'04ef4cda333c11f19eb9fc5cee6659c6',2,11,10,'TEMPLATE','{\"goal\":\"完成填表工作，要求提取表格中对应数据\",\"description\":\"模板文件中对应有三个表，并且每一个表上文均有对该表的描述\",\"tables\":[{\"name\":\"表一\",\"监测时间\":\"2025-11-25 09:00:00.0\",\"城市\":\"德州市\"},{\"name\":\"表二\",\"监测时间\":\"2025-11-25 09:00:00.0\",\"城市\":\"潍坊市\"},{\"name\":\"表三\",\"监测时间\":\"2025-11-25 09:00:00.0\",\"城市\":\"临沂市\"}]}','SUCCESS','fill_87d2e2fc6c97_eba6169b_2025山东省环境空气质量监测数据信息-模板.docx',NULL,'2026-03-24 17:52:31','2026-03-24 17:52:39',NULL,0,NULL,NULL,NULL,NULL,NULL,NULL,NULL,NULL,NULL,NULL),(22,'04ef4f77333c11f19eb9fc5cee6659c6',2,13,11,'TEMPLATE','智能填表，将两个文件的内容中日期一列从2020/7/1到2020/8/31的数据填入模板中.','FAILED',NULL,NULL,'2026-04-02 23:50:23','2026-04-02 23:51:14','调用 AI 创建任务异常: 401 Unauthorized: [no body]',12,NULL,NULL,NULL,NULL,NULL,NULL,NULL,NULL,NULL,NULL),(23,'04ef51fe333c11f19eb9fc5cee6659c6',2,13,11,'TEMPLATE','智能填表，将两个文件的内容中日期一列从2020/7/1到2020/8/31的数据填入模板中.','FAILED',NULL,NULL,'2026-04-02 23:51:49','2026-04-02 23:52:39','调用 AI 创建任务异常: 401 Unauthorized: [no body]',12,NULL,NULL,NULL,NULL,NULL,NULL,NULL,NULL,NULL,NULL),(24,'04ef5480333c11f19eb9fc5cee6659c6',2,13,11,'TEMPLATE','智能填表，将两个文件的内容中日期一列从2020/7/1到2020/8/31的数据填入模板中.','FAILED',NULL,NULL,'2026-04-02 23:53:54','2026-04-02 23:54:45','调用 AI 创建任务异常: 401 Unauthorized: [no body]',12,NULL,NULL,NULL,NULL,NULL,NULL,NULL,NULL,NULL,NULL),(25,'04ef56ef333c11f19eb9fc5cee6659c6',2,13,11,'TEMPLATE','智能填表，将两个文件的内容中日期一列从2020/7/1到2020/8/31的数据填入模板中.','FAILED',NULL,NULL,'2026-04-02 23:57:48','2026-04-02 23:58:39','调用 AI 创建任务异常: 401 Unauthorized: [no body]',12,NULL,NULL,NULL,NULL,NULL,NULL,NULL,NULL,NULL,NULL),(26,'04ef5906333c11f19eb9fc5cee6659c6',2,13,11,'TEMPLATE','智能填表，将两个文件的内容中日期一列从2020/7/1到2020/8/31的数据填入模板中.','FAILED',NULL,NULL,'2026-04-03 00:00:44','2026-04-03 00:02:07','AI 结果下载失败: 404 Not Found: \"{\"detail\":\"找不到输出文件：result_json\"}\"',12,NULL,NULL,NULL,NULL,NULL,NULL,NULL,NULL,NULL,NULL),(27,'04ef5b13333c11f19eb9fc5cee6659c6',2,14,12,'TEMPLATE','完成填表工作，要求提取表格中对应数据。模板文件中对应有三个表，并且每一个表上文均有对该表的描述。表一：监测时间=2025-11-25 09:00:00.0，城市=德州市；表二：监测时间=2025-11-25 09:00:00.0，城市=潍坊市；表三：监测时间=2025-11-25 09:00:00.0，城市=临沂市。','FAILED',NULL,NULL,'2026-04-03 00:03:57','2026-04-03 00:04:56','AI 结果下载失败: 404 Not Found: \"{\"detail\":\"找不到输出文件：result_json\"}\"',12,NULL,NULL,NULL,NULL,NULL,NULL,NULL,NULL,NULL,NULL),(28,'04ef5d43333c11f19eb9fc5cee6659c6',2,14,12,'TEMPLATE','完成填表工作，要求提取表格中对应数据。模板文件中对应有三个表，并且每一个表上文均有对该表的描述。表一：监测时间=2025-11-25 09:00:00.0，城市=德州市；表二：监测时间=2025-11-25 09:00:00.0，城市=潍坊市；表三：监测时间=2025-11-25 09:00:00.0，城市=临沂市。','SUCCESS','fill_e8dcf30ff7c1_be9f5838_2025山东省环境空气质量监测数据信息-模板.docx',NULL,'2026-04-03 00:08:10','2026-04-03 00:08:13',NULL,2,NULL,NULL,NULL,NULL,NULL,NULL,NULL,NULL,NULL,NULL),(29,'762d95e13c2440159a8a6c0ee80d2b22',2,18,13,'TEMPLATE','','FAILED',NULL,NULL,'2026-04-10 18:44:57','2026-04-10 18:45:57','AI 结果下载失败: 404 Not Found: \"{\"detail\":\"找不到输出文件：result_json\"}\"',12,NULL,NULL,NULL,NULL,NULL,NULL,NULL,NULL,NULL,NULL),(30,'696fada75be74e4b85ad704f91a64665',2,18,13,'TEMPLATE','','FAILED',NULL,NULL,'2026-04-10 18:47:40','2026-04-10 18:48:40','AI 结果下载失败: 404 Not Found: \"{\"detail\":\"找不到输出文件：result_docx\"}\"',12,NULL,NULL,NULL,NULL,NULL,NULL,NULL,NULL,NULL,NULL),(31,'e468fc631919430c9a6734c755a9fcb0',2,18,13,'TEMPLATE','','FAILED',NULL,NULL,'2026-04-10 18:48:20','2026-04-10 18:48:45','AI 结果下载失败: 404 Not Found: \"{\"detail\":\"找不到输出文件：result_docx\"}\"',6,NULL,NULL,NULL,NULL,NULL,NULL,NULL,NULL,NULL,NULL),(32,'f8dafd88e1c84a8b90ad2278e37b24a8',2,34,16,'TEMPLATE','帮我智能','FAILED',NULL,NULL,'2026-04-10 22:59:41','2026-04-10 23:00:32','调用 AI 创建任务异常: I/O error on POST request for \"http://localhost:8000/api/tasks/create\": Connection refused: getsockopt',12,NULL,NULL,NULL,NULL,NULL,NULL,NULL,NULL,NULL,NULL),(33,'46eac27a710244338fd043406437c4b1',NULL,42,18,'TEMPLATE','22','FAILED',NULL,NULL,'2026-04-11 21:41:43','2026-04-11 21:42:33','调用 AI 创建任务异常: I/O error on POST request for \"http://localhost:8000/api/tasks/create\": Connection refused: getsockopt',12,NULL,NULL,NULL,NULL,NULL,NULL,NULL,NULL,NULL,NULL),(34,'3a39182acf7b4378890850a966ac315e',2,44,19,'TEMPLATE','按模板填：提取关键信息并落位','FAILED',NULL,NULL,'2026-04-15 16:01:11','2026-04-15 16:02:13','AI 填表任务失败: unknown',12,NULL,NULL,NULL,NULL,NULL,NULL,NULL,NULL,NULL,NULL),(35,'0a0fc7d05e8f4aa481ff5a0665931aab',2,45,19,'TEMPLATE','按模板填：提取关键信息并落位','FAILED',NULL,NULL,'2026-04-15 18:18:46','2026-04-19 19:42:56','模板文件不存在: COVID-19 模板.xlsx',21,NULL,NULL,NULL,NULL,NULL,NULL,NULL,NULL,NULL,NULL),(36,'b6543f8f13dd4480a0c297dbf4c04a67',2,46,20,'TEMPLATE','按模板填：提取关键信息并落位','FAILED',NULL,NULL,'2026-04-15 18:31:31','2026-04-15 20:15:10','调用 AI 创建任务异常: I/O error on POST request for \"http://localhost:8000/api/tasks/create\": Connection refused: getsockopt',52,NULL,NULL,NULL,NULL,NULL,NULL,NULL,NULL,NULL,NULL),(37,'328078ab026f408985f69afa79637cad',2,44,19,'TEMPLATE','按模板填：提取关键信息并落位','FAILED',NULL,NULL,'2026-04-15 19:01:55','2026-04-15 20:16:12','调用 AI 创建任务异常: I/O error on POST request for \"http://localhost:8000/api/tasks/create\": Connection refused: getsockopt',39,NULL,NULL,NULL,NULL,NULL,NULL,NULL,NULL,NULL,NULL),(38,'e6ad0a2d2b544fca83cece94f6720ce6',2,44,19,'TEMPLATE','按模板填：提取关键信息并落位','CANCELLED',NULL,NULL,'2026-04-16 00:53:23','2026-04-16 11:18:10','用户主动取消任务',11,NULL,NULL,NULL,NULL,NULL,NULL,NULL,NULL,NULL,NULL),(39,'025932e7816f49d9b6e3dd0ea28d5fbf',2,44,19,'TEMPLATE','按模板填：提取关键信息并落位','TIMEOUT',NULL,NULL,'2026-04-16 11:11:26','2026-04-16 11:31:51','检测到 RUNNING 超时，已由恢复任务自动补偿重试',8,NULL,NULL,NULL,NULL,NULL,NULL,NULL,NULL,NULL,NULL),(40,'8fa133fd82f948f0a2ce8b5e5325e223',2,47,21,'TEMPLATE','帮我智能填表','SUCCESS','fill_5e277f690ee5_fb87a87d_2025年中国城市经济百强全景报告-模板.xlsx',NULL,'2026-04-16 11:39:06','2026-04-16 11:45:27','人工触发重跑，等待重新处理',15,'5e277f690ee5',NULL,NULL,NULL,NULL,NULL,NULL,'USD',NULL,NULL),(41,'bed42afe401447978707565c2d80bbe3',2,48,22,'TEMPLATE','按模板填：提取关键信息并落位','CANCELLED',NULL,NULL,'2026-04-16 14:52:15','2026-04-16 15:02:20','用户主动取消任务',4,NULL,NULL,NULL,NULL,NULL,NULL,NULL,NULL,NULL,NULL),(42,'8bdfd195e7134b2eb0db02af5c913bc3',2,48,23,'TEMPLATE','按模板填：提取关键信息并落位','CANCELLED',NULL,NULL,'2026-04-16 15:01:25','2026-04-16 15:02:09','用户主动取消任务',1,NULL,NULL,NULL,NULL,NULL,NULL,NULL,NULL,NULL,NULL),(43,'facd23cfbc4246b8b70aeeb618d9858c',2,49,23,'TEMPLATE','按模板填：提取关键信息并落位','CANCELLED',NULL,NULL,'2026-04-16 15:01:49','2026-04-16 15:03:44','用户主动取消任务',4,NULL,NULL,NULL,NULL,NULL,NULL,NULL,NULL,NULL,NULL),(44,'3ea2bbd9afe14ef49d64320cd5e7c250',2,49,23,'TEMPLATE','按模板填：提取关键信息并落位','FAILED',NULL,NULL,'2026-04-16 15:03:49','2026-04-16 22:38:29','调用 AI 创建任务异常: I/O error on POST request for \"http://localhost:8000/api/tasks/create\": Connection refused: getsockopt',39,NULL,NULL,NULL,NULL,NULL,NULL,NULL,NULL,NULL,NULL),(45,'7afe768a2b6e49cbb5db11fa914a53c4',7,51,25,'TEMPLATE',NULL,'SUCCESS','fill_aadc4b63752e_175a8ea6_2025年中国城市经济百强全景报告-模板.xlsx','[{\"size\": 9080, \"fileId\": \"fill_aadc4b63752e_175a8ea6_2025年中国城市经济百强全景报告-模板.xlsx\", \"source\": \"api-download:excel\", \"primary\": true, \"fileName\": \"2025年中国城市经济百强全景报告-模板.xlsx\", \"fileType\": \"excel\"}, {\"size\": 9080, \"fileId\": \"fill_aadc4b63752e_a6d7d726_2025年中国城市经济百强全景报告-模板.xlsx\", \"source\": \"api-download:result_xlsx\", \"primary\": false, \"fileName\": \"2025年中国城市经济百强全景报告-模板.xlsx\", \"fileType\": \"excel\"}, {\"size\": 18386, \"fileId\": \"fill_aadc4b63752e_0f254385_2025年中国城市经济百强全景报告-模板.json\", \"source\": \"api-download:json\", \"primary\": false, \"fileName\": \"2025年中国城市经济百强全景报告-模板.json\", \"fileType\": \"json\"}]','2026-04-17 13:43:54','2026-04-17 13:46:54',NULL,2,'aadc4b63752e',NULL,NULL,NULL,NULL,NULL,NULL,'USD',NULL,NULL),(46,'8b8ac4be0f25455c90dd80b3f4c59107',NULL,52,26,'TEMPLATE','帮我智能填表','SUCCESS','fill_d2739ffe4e19_6afd249f_2025年中国城市经济百强全景报告-模板.xlsx',NULL,'2026-04-17 21:37:34','2026-04-17 21:40:21',NULL,2,'d2739ffe4e19',NULL,NULL,NULL,NULL,NULL,NULL,'USD',NULL,NULL),(47,'ee28507fd38b4269b6b0f8708dbe026e',NULL,52,26,'TEMPLATE','????????,???????','SUCCESS','fill_83ce89650282_cf1a2ad7_2025年中国城市经济百强全景报告-模板.xlsx',NULL,'2026-04-17 23:04:59','2026-04-17 23:08:04',NULL,2,'83ce89650282',NULL,NULL,NULL,NULL,NULL,NULL,'USD',NULL,NULL),(48,'b7b44d3b5d0d43e69c5d1bd109dab351',NULL,52,26,'TEMPLATE','???? aiRemoteTaskId ?????','CANCELLED',NULL,NULL,'2026-04-17 23:10:07','2026-04-17 23:13:43','用户主动取消任务',2,NULL,NULL,NULL,NULL,NULL,NULL,NULL,NULL,NULL,NULL),(49,'51ca06eb52284dcdb412c087537f38cb',NULL,52,26,'TEMPLATE','???? remoteTaskId ??????','CANCELLED',NULL,NULL,'2026-04-17 23:13:08','2026-04-17 23:13:13','用户主动取消任务',3,'078deb3797a9',NULL,NULL,NULL,NULL,NULL,NULL,NULL,NULL,NULL),(50,'a8003bea41824851934cf2985c1e5166',2,53,26,'TEMPLATE','帮我智能填表','FAILED',NULL,NULL,'2026-04-18 00:11:18','2026-04-18 02:12:23','调用 AI 创建任务异常: I/O error on POST request for \"http://localhost:8000/api/tasks/create\": Connection refused: getsockopt',79,'6381bf1f507a',NULL,NULL,NULL,NULL,NULL,NULL,NULL,NULL,NULL),(51,'a72a7fb863da4816b59e6bee63e4678c',15,56,27,'TEMPLATE','???? smoke test','FAILED',NULL,NULL,'2026-04-18 13:31:38','2026-04-18 13:32:45','调用 AI 创建任务异常: I/O error on POST request for \"http://localhost:8000/api/tasks/create\": Connection refused: getsockopt',12,NULL,NULL,NULL,NULL,NULL,NULL,NULL,NULL,NULL,NULL),(52,'b21ad5a058014644a5411305fa8dc183',17,57,28,'TEMPLATE','cancel smoke test','CANCELLED',NULL,NULL,'2026-04-18 13:32:13','2026-04-18 13:32:14','用户主动取消任务',2,NULL,NULL,NULL,NULL,NULL,NULL,NULL,NULL,NULL,NULL),(53,'1b0607dc3a83411e824d57434109d616',18,58,NULL,'FREE','??????????????','FAILED',NULL,NULL,'2026-04-18 13:32:35','2026-04-18 13:33:42','调用 AI 创建任务异常: I/O error on POST request for \"http://localhost:8000/api/tasks/create\": Connection refused: getsockopt',12,NULL,NULL,NULL,NULL,NULL,NULL,NULL,NULL,NULL,NULL),(56,'b6ff027a390b41a4a16544c50f6f2064',9,61,31,'TEMPLATE','帮我智能填表','FAILED',NULL,NULL,'2026-04-19 14:55:15','2026-04-19 14:56:19','AI 填表任务失败: 任务失败，退出码: 1 | raw={\"task\":{\"task_id\":\"2fc766602a64\",\"status\":\"failed\",\"task_dir\":\"storage\\\\tasks\\\\2fc766602a64\",\"created_at\":1776581776.4900448,\"updated_at\":1776581777.7745636,\"error_message\":\"任务失败，退出码: 1\"},\"output_files\":{},\"error\":\"任务失败，退出码: 1\",\"error_message\":\"任务失败，退出码: 1\"}',12,NULL,NULL,NULL,NULL,NULL,NULL,NULL,NULL,NULL,NULL),(68,'e6e27ec4561a4e23a072f4127a244289',2,73,35,'TEMPLATE','按模板填：提取关键信息并落位','SUCCESS','fill_mock_e6e27ec4561a4e23a072f4127a244289_7d119da3_2025年中国城市经济百强全景报告-模板.xlsx',NULL,'2026-04-19 17:57:28','2026-04-19 18:15:12',NULL,5,'mock-e6e27ec4561a4e23a072f4127a244289','mock','mock',0,0,0,0.00000000,'USD',0,'{\"mock\": true, \"note\": \"ai.mock.enabled bypasses A23 fill HTTP\"}'),(71,'759da0371c8344d8bdf20d230ba10b68',2,76,36,'TEMPLATE','按模板填：提取关键信息并落位','SUCCESS','fill_mock_759da0371c8344d8bdf20d230ba10b68_8e0076ad_2025年中国城市经济百强全景报告-模板.xlsx',NULL,'2026-04-19 19:32:23','2026-04-19 19:32:23',NULL,2,'mock-759da0371c8344d8bdf20d230ba10b68','mock','mock',0,0,0,0.00000000,'USD',0,'{\"mock\": true, \"note\": \"ai.mock.enabled bypasses A23 fill HTTP\"}'),(72,'d67aeb568f234194bc23a037df4fbc91',2,76,36,'TEMPLATE','按模板填：提取关键信息并落位','SUCCESS','fill_a4623a3d9130_29ad004d_2025年中国城市经济百强全景报告-模板.xlsx',NULL,'2026-04-19 19:33:20','2026-04-19 19:45:23',NULL,6,'a4623a3d9130',NULL,NULL,NULL,NULL,NULL,NULL,'USD',NULL,NULL),(73,'04bcd517da9847dcb43f12cd7b1b7aa5',2,76,36,'TEMPLATE','按模板填：提取关键信息并落位','SUCCESS','fill_f9c1bd04906a_9089be5d_2025年中国城市经济百强全景报告-模板.xlsx',NULL,'2026-04-19 19:44:03','2026-04-19 19:44:30',NULL,3,'f9c1bd04906a',NULL,NULL,NULL,NULL,NULL,NULL,'USD',NULL,NULL),(74,'1b3e1e6057674dbdaf623fd7ca333492',2,76,36,'TEMPLATE','按模板填：提取关键信息并落位','SUCCESS','fill_c28e68c0a5eb_f8fd47c6_2025年中国城市经济百强全景报告-模板.xlsx',NULL,'2026-04-19 20:01:51','2026-04-19 20:02:14',NULL,3,'c28e68c0a5eb',NULL,NULL,NULL,NULL,NULL,NULL,'USD',NULL,NULL),(75,'c1507809de9e48a0985bcaf90fffabfc',2,76,36,'TEMPLATE','帮我智能填表','SUCCESS','fill_600904eebb43_09ccfb27_2025年中国城市经济百强全景报告-模板.xlsx',NULL,'2026-04-19 20:04:47','2026-04-19 20:05:14',NULL,3,'600904eebb43',NULL,NULL,NULL,NULL,NULL,NULL,'USD',NULL,NULL),(76,'94e6169354e442e8b320b402ce4f200a',2,76,36,'TEMPLATE','帮我智能填表','SUCCESS','fill_23f6921ff896_2f3b63b4_2025年中国城市经济百强全景报告-模板.xlsx',NULL,'2026-04-19 20:06:52','2026-04-19 20:09:26',NULL,3,'23f6921ff896',NULL,NULL,NULL,NULL,NULL,NULL,'USD',NULL,NULL),(77,'785050440dff4ca18093eaa7994f37c8',2,77,37,'TEMPLATE','帮我智能填表','SUCCESS','fill_mock_785050440dff4ca18093eaa7994f37c8_dd7cf37c_2025山东省环境空气质量监测数据信息-模板.docx',NULL,'2026-04-19 20:11:50','2026-04-19 21:35:33',NULL,31,'mock-785050440dff4ca18093eaa7994f37c8','mock','mock',0,0,0,0.00000000,'USD',0,'{\"mock\": true, \"note\": \"ai.mock.enabled bypasses A23 fill HTTP\"}'),(78,'da6c65d73b4746e48488bc0b4e80a245',2,77,37,'TEMPLATE','帮我智能填表','TIMEOUT',NULL,NULL,'2026-04-19 20:48:31',NULL,'检测到 RUNNING 超时，已由恢复任务自动补偿重试',7,'9d61ca5b9398',NULL,NULL,NULL,NULL,NULL,NULL,NULL,NULL,NULL),(95,'4886177159c647d8acb0d319c21338cf',9,97,44,'TEMPLATE','帮我智能填表','SUCCESS','fill_abd74ea54624_fe66aa18_2025年中国城市经济百强全景报告-模板.xlsx',NULL,'2026-04-20 13:06:46','2026-04-20 13:09:25',NULL,3,'abd74ea54624','deepseek','deepseek-chat',8721,7339,16060,NULL,'USD',NULL,'{\"total_tokens\": 16060, \"prompt_tokens\": 8721, \"completion_tokens\": 7339}'),(96,'0044bc08df8d4a4483c19dc2c2493bb4',NULL,100,47,'TEMPLATE','完成填表工作，要求提取表格中对应数据。\r\n模板文件中对应有三个表，并且每一个表上文均有对该表的描述。\r\n表一：\r\n	监测时间：2025-11-25 09:00:00.0\r\n	城市：德州市\r\n表二：\r\n	监测时间：2025-11-25 09:00:00.0\r\n	城市：潍坊市\r\n表三：\r\n	监测时间：2025-11-25 09:00:00.0\r\n	城市：临沂市','SUCCESS','fill_6a0df11e8b60_70137169_2025山东省环境空气质量监测数据信息-模板.docx',NULL,'2026-04-20 14:47:26','2026-04-20 15:00:35',NULL,3,'6a0df11e8b60','deepseek','deepseek-chat',37476,4096,41572,NULL,'USD',NULL,'{\"total_tokens\": 41572, \"prompt_tokens\": 37476, \"completion_tokens\": 4096}'),(97,'5ab4385a64a04d75be516e2d7d4c5a85',9,101,43,'TEMPLATE','完成填表工作，要求提取表格中对应数据。\n模板文件中对应有三个表，并且每一个表上文均有对该表的描述。\n表一：\n	监测时间：2025-11-25 09:00:00.0\n	城市：德州市\n表二：\n	监测时间：2025-11-25 09:00:00.0\n	城市：潍坊市\n表三：\n	监测时间：2025-11-25 09:00:00.0\n	城市：临沂市','SUCCESS','fill_813987fde77c_f6f82588_2025山东省环境空气质量监测数据信息-模板.docx',NULL,'2026-04-20 18:35:47','2026-04-20 18:37:07',NULL,3,'813987fde77c','deepseek','deepseek-chat',4414,253,4667,NULL,'USD',NULL,'{\"total_tokens\": 4667, \"prompt_tokens\": 4414, \"completion_tokens\": 253}'),(98,'9f4be64ce53e4a20820364e40f80723a',9,102,41,'TEMPLATE','智能填表，将两个文件的内容中日期一列从2020/7/1到2020/8/31的数据填入模板中.','SUCCESS','fill_a347dcbbca38_daf495a9_COVID-19 模板.xlsx',NULL,'2026-04-20 19:09:42','2026-04-20 19:12:40',NULL,3,'a347dcbbca38',NULL,NULL,NULL,NULL,NULL,NULL,'USD',NULL,NULL),(99,'1229f0711b2f478e9afe06f2a6f56033',2,103,36,'TEMPLATE','智能填表，将两个文件的内容中日期一列从2020/7/1到2020/8/31的数据填入模板中.','SUCCESS','fill_8aff332fe53c_6adff50c_2025年中国城市经济百强全景报告-模板.xlsx',NULL,'2026-04-20 19:22:52','2026-04-20 19:25:23',NULL,3,'8aff332fe53c','deepseek','deepseek-chat',3669,2416,6085,NULL,'USD',NULL,'{\"total_tokens\": 6085, \"prompt_tokens\": 3669, \"completion_tokens\": 2416}'),(100,'73ea8b04f6354a6c87ad35bbe17e1687',9,104,41,'TEMPLATE','智能填表，将两个文件的内容中日期一列从2020/7/1到2020/8/31的数据填入模板中.','FAILED',NULL,NULL,'2026-04-20 20:06:00','2026-04-20 20:11:20','AI 结果下载失败: 404 Not Found: \"{\"detail\":\"找不到输出文件：result_docx\"}\"',18,'56e14e494802',NULL,NULL,NULL,NULL,NULL,NULL,NULL,NULL,NULL),(101,'a16719e46c9548ec83d527ffdb720065',9,105,44,'TEMPLATE','帮我智能填表','SUCCESS','fill_2d1715b011c8_c1eb43b3_2025年中国城市经济百强全景报告-模板.xlsx',NULL,'2026-04-20 20:14:33','2026-04-20 20:15:29',NULL,6,'2d1715b011c8',NULL,NULL,0,0,0,NULL,'USD',NULL,'{\"total_tokens\": 0, \"prompt_tokens\": 0, \"completion_tokens\": 0}'),(102,'d66af77788f84fd181419dd304fba2cf',9,106,44,'TEMPLATE','帮我智能填表','SUCCESS','fill_2e1561cbdc36_e454ed06_2025年中国城市经济百强全景报告-模板.xlsx',NULL,'2026-04-20 20:21:51','2026-04-20 20:22:13',NULL,3,'2e1561cbdc36',NULL,NULL,0,0,0,NULL,'USD',NULL,'{\"total_tokens\": 0, \"prompt_tokens\": 0, \"completion_tokens\": 0}'),(103,'5b04f8f812fe48a495a508f952feeeba',9,106,43,'TEMPLATE','完成填表工作，要求提取表格中对应数据。\n模板文件中对应有三个表，并且每一个表上文均有对该表的描述。\n表一：\n	监测时间：2025-11-25 09:00:00.0\n	城市：德州市\n表二：\n	监测时间：2025-11-25 09:00:00.0\n	城市：潍坊市\n表三：\n	监测时间：2025-11-25 09:00:00.0\n	城市：临沂市','CANCELLED',NULL,NULL,'2026-04-20 20:23:30','2026-04-20 20:26:01','用户主动取消任务',3,'9fe697f772ee',NULL,NULL,NULL,NULL,NULL,NULL,NULL,NULL,NULL),(104,'5e77b8545cd5486fa59306023f5ab078',9,106,43,'TEMPLATE','完成填表工作，要求提取表格中对应数据。\n模板文件中对应有三个表，并且每一个表上文均有对该表的描述。\n表一：\n	监测时间：2025-11-25 09:00:00.0\n	城市：德州市\n表二：\n	监测时间：2025-11-25 09:00:00.0\n	城市：潍坊市\n表三：\n	监测时间：2025-11-25 09:00:00.0\n	城市：临沂市','SUCCESS','fill_c979a3b51ab0_5938425f_2025山东省环境空气质量监测数据信息-模板.docx',NULL,'2026-04-20 20:26:44','2026-04-20 20:27:55',NULL,3,'c979a3b51ab0','deepseek','deepseek-chat',4418,253,4671,NULL,'USD',NULL,'{\"total_tokens\": 4671, \"prompt_tokens\": 4418, \"completion_tokens\": 253}'),(105,'f26f5614449d4a42b05eace1cb57b809',9,107,44,'TEMPLATE','帮我智能填表','SUCCESS','fill_c05adb0efac0_d309038b_2025年中国城市经济百强全景报告-模板.xlsx',NULL,'2026-04-21 11:40:14','2026-04-21 11:40:40',NULL,3,'c05adb0efac0',NULL,NULL,NULL,NULL,NULL,NULL,'USD',NULL,NULL),(106,'bd8f9fe044a645c6aa258bd444087d84',9,107,43,'TEMPLATE','完成填表工作，要求提取表格中对应数据。\n模板文件中对应有三个表，并且每一个表上文均有对该表的描述。\n表一：\n	监测时间：2025-11-25 09:00:00.0\n	城市：德州市\n表二：\n	监测时间：2025-11-25 09:00:00.0\n	城市：潍坊市\n表三：\n	监测时间：2025-11-25 09:00:00.0\n	城市：临沂市','SUCCESS','fill_c7a2ca31177f_637fb897_2025山东省环境空气质量监测数据信息-模板.docx',NULL,'2026-04-21 11:42:19','2026-04-21 11:43:29',NULL,3,'c7a2ca31177f',NULL,NULL,NULL,NULL,NULL,NULL,'USD',NULL,NULL),(107,'72836e3ed837411e8777d2fba5dad037',9,107,41,'TEMPLATE','智能填表，将两个文件的内容中日期一列从2020/7/1到2020/8/31的数据填入模板中.','SUCCESS','fill_3ebff86c3318_e561e1fd_COVID-19 模板.xlsx',NULL,'2026-04-21 11:44:34','2026-04-21 11:45:26',NULL,3,'3ebff86c3318',NULL,NULL,NULL,NULL,NULL,NULL,'USD',NULL,NULL),(108,'634fad4a8eb24c4a90ef770be543d8cc',9,108,43,'TEMPLATE','完成填表工作，要求提取表格中对应数据。\n模板文件中对应有三个表，并且每一个表上文均有对该表的描述。\n表一：\n	监测时间：2025-11-25 09:00:00.0\n	城市：德州市\n表二：\n	监测时间：2025-11-25 09:00:00.0\n	城市：潍坊市\n表三：\n	监测时间：2025-11-25 09:00:00.0\n	城市：临沂市','SUCCESS','fill_5dc009a61df5_aec7f6a2_2025山东省环境空气质量监测数据信息-模板.docx',NULL,'2026-04-21 12:04:50','2026-04-21 12:06:06',NULL,3,'5dc009a61df5','deepseek','deepseek-chat',4416,253,4669,NULL,'USD',NULL,'{\"total_tokens\": 4669, \"prompt_tokens\": 4416, \"completion_tokens\": 253}'),(109,'5ef1391b2c8b4e68989bb4bb4c9e6739',9,109,41,'TEMPLATE','智能填表，将两个文件的内容中日期一列从2020/7/1到2020/8/31的数据填入模板中.','SUCCESS','fill_615bc077651e_76832477_COVID-19 模板.xlsx',NULL,'2026-04-21 12:29:12','2026-04-21 12:32:35',NULL,3,'615bc077651e','deepseek','deepseek-chat',3615,2586,6201,NULL,'USD',NULL,'{\"total_tokens\": 6201, \"prompt_tokens\": 3615, \"completion_tokens\": 2586}'),(110,'883c086c313e40fea873a16ad82b24f7',9,110,41,'TEMPLATE','智能填表，将两个文件的内容中日期一列从2020/7/1到2020/8/31的数据填入模板中.','SUCCESS','fill_dbacae9810e4_ad86502e_COVID-19 模板.xlsx',NULL,'2026-04-21 12:49:40','2026-04-21 12:53:03',NULL,3,'dbacae9810e4','deepseek','deepseek-chat',3615,2564,6179,NULL,'USD',NULL,'{\"total_tokens\": 6179, \"prompt_tokens\": 3615, \"completion_tokens\": 2564}'),(111,'e0132623eee6404e80020fc4125bd0e1',9,111,41,'TEMPLATE','智能填表，将两个文件的内容中日期一列从2020/7/1到2020/8/31的数据填入模板中.','SUCCESS','fill_297b23936bdd_3529fa02_COVID-19 模板.xlsx',NULL,'2026-04-21 21:06:41','2026-04-21 21:12:46',NULL,12,'297b23936bdd',NULL,NULL,0,0,0,NULL,'USD',NULL,'{\"total_tokens\": 0, \"prompt_tokens\": 0, \"completion_tokens\": 0}'),(112,'510fa961a901442ebd7bf9fa5ff704c4',9,112,41,'TEMPLATE','智能填表，将两个文件的内容中日期一列从2020/7/1到2020/8/31的数据填入模板中.','SUCCESS','fill_c99e376a2465_08644eb3_COVID-19 模板.xlsx',NULL,'2026-04-21 21:10:37','2026-04-21 21:15:37',NULL,3,'c99e376a2465',NULL,NULL,0,0,0,NULL,'USD',NULL,'{\"total_tokens\": 0, \"prompt_tokens\": 0, \"completion_tokens\": 0}'),(113,'a9eeb96de79b48469f498960c79fb51b',9,113,41,'TEMPLATE','智能填表，将两个文件的内容中日期一列从2020/7/1到2020/8/31的数据填入模板中.','SUCCESS','fill_11ff71507099_5fc5108f_COVID-19 模板.xlsx',NULL,'2026-04-21 21:23:56','2026-04-21 21:26:56',NULL,5,'11ff71507099',NULL,NULL,0,0,0,NULL,'USD',NULL,'{\"total_tokens\": 0, \"prompt_tokens\": 0, \"completion_tokens\": 0}'),(114,'4b4c3572fbbe442786bc1e1d4f964152',9,115,41,'TEMPLATE','智能填表，将两个文件的内容中日期一列从2020/7/1到2020/8/31的数据填入模板中.','SUCCESS','fill_0db072ef5475_c7eeed87_COVID-19 模板.xlsx',NULL,'2026-04-21 21:30:56','2026-04-21 21:33:39',NULL,3,'0db072ef5475',NULL,NULL,0,0,0,NULL,'USD',NULL,'{\"total_tokens\": 0, \"prompt_tokens\": 0, \"completion_tokens\": 0}'),(115,'626acd49cbe74ab2a6d60fe3321b7922',9,116,41,'TEMPLATE','智能填表，将两个文件的内容中日期一列从2020/7/1到2020/8/31的数据填入模板中.','SUCCESS','fill_e0483bef6dd4_a01a3b9d_COVID-19 模板.xlsx',NULL,'2026-04-21 21:38:51','2026-04-21 21:41:38',NULL,3,'e0483bef6dd4',NULL,NULL,0,0,0,NULL,'USD',NULL,'{\"total_tokens\": 0, \"prompt_tokens\": 0, \"completion_tokens\": 0}');
/*!40000 ALTER TABLE `fill_task` ENABLE KEYS */;
UNLOCK TABLES;

--
-- Table structure for table `fill_task_step`
--

DROP TABLE IF EXISTS `fill_task_step`;
/*!40101 SET @saved_cs_client     = @@character_set_client */;
/*!50503 SET character_set_client = utf8mb4 */;
CREATE TABLE `fill_task_step` (
  `id` bigint NOT NULL AUTO_INCREMENT COMMENT '任务步骤ID',
  `task_id` bigint NOT NULL COMMENT '所属任务ID',
  `step_code` varchar(64) NOT NULL COMMENT '步骤编码：RAG/EXTRACT/FILL/GENERATE 等',
  `step_name` varchar(128) NOT NULL COMMENT '步骤名称（展示用）',
  `status` varchar(32) NOT NULL DEFAULT 'PENDING' COMMENT '步骤状态：PENDING/RUNNING/SUCCESS/FAILED/SKIPPED',
  `started_at` datetime DEFAULT NULL COMMENT '开始时间',
  `finished_at` datetime DEFAULT NULL COMMENT '结束时间',
  `duration_ms` bigint DEFAULT NULL COMMENT '耗时（毫秒）',
  `message` varchar(512) DEFAULT NULL COMMENT '补充信息（如命中文档数/字段数等）',
  `error_message` varchar(512) DEFAULT NULL COMMENT '失败原因（如失败）',
  `created_at` datetime NOT NULL DEFAULT CURRENT_TIMESTAMP COMMENT '创建时间',
  `updated_at` datetime NOT NULL DEFAULT CURRENT_TIMESTAMP ON UPDATE CURRENT_TIMESTAMP COMMENT '更新时间',
  PRIMARY KEY (`id`),
  UNIQUE KEY `uk_fill_task_step_task_step` (`task_id`,`step_code`),
  KEY `idx_fill_task_step_task_id` (`task_id`),
  CONSTRAINT `fk_fill_task_step_task` FOREIGN KEY (`task_id`) REFERENCES `fill_task` (`id`) ON DELETE CASCADE
) ENGINE=InnoDB AUTO_INCREMENT=1919 DEFAULT CHARSET=utf8mb4 COLLATE=utf8mb4_0900_ai_ci COMMENT='填表任务步骤：用于展示任务链路与耗时';
/*!40101 SET character_set_client = @saved_cs_client */;

--
-- Dumping data for table `fill_task_step`
--

LOCK TABLES `fill_task_step` WRITE;
/*!40000 ALTER TABLE `fill_task_step` DISABLE KEYS */;
INSERT INTO `fill_task_step` VALUES (1,3,'RAG','RAG 检索','SKIPPED',NULL,NULL,NULL,'当前未接入 RAG',NULL,'2026-03-21 13:40:48','2026-03-21 13:40:48'),(2,3,'EXTRACT','字段抽取','SUCCESS','2026-03-21 13:40:48','2026-03-21 13:40:48',48,'文档数: 2',NULL,'2026-03-21 13:40:48','2026-03-21 13:40:48'),(4,3,'FILL','模板填表','SKIPPED',NULL,NULL,NULL,'当前未接入 AI 填表服务（暂以复制模板文件占位）',NULL,'2026-03-21 13:40:48','2026-03-21 13:40:48'),(5,3,'GENERATE','生成结果文件','SUCCESS','2026-03-21 13:40:48','2026-03-21 13:40:48',12,'输出: fill_3_72df8f40_contract_template_v1.xlsx',NULL,'2026-03-21 13:40:48','2026-03-21 13:40:48'),(7,4,'RAG','RAG 检索','SKIPPED',NULL,NULL,NULL,'当前未接入 RAG',NULL,'2026-03-21 14:09:05','2026-03-21 14:09:05'),(8,4,'EXTRACT','字段抽取','SUCCESS','2026-03-21 14:09:06','2026-03-21 14:09:06',14,'文档数: 2',NULL,'2026-03-21 14:09:05','2026-03-21 14:09:05'),(10,4,'FILL','模板填表','SKIPPED',NULL,NULL,NULL,'当前未接入 AI 填表服务（暂以复制模板文件占位）',NULL,'2026-03-21 14:09:05','2026-03-21 14:09:05'),(11,4,'GENERATE','生成结果文件','SUCCESS','2026-03-21 14:09:06','2026-03-21 14:09:06',10,'输出: fill_4_761162eb_contract_template_v1.xlsx',NULL,'2026-03-21 14:09:05','2026-03-21 14:09:05'),(13,5,'RAG','RAG 检索','SKIPPED',NULL,NULL,NULL,'当前未接入 RAG',NULL,'2026-03-23 20:14:24','2026-03-23 20:15:25'),(14,5,'EXTRACT','字段抽取','SKIPPED',NULL,NULL,NULL,'已切换为 AI 端内置抽取',NULL,'2026-03-23 20:14:24','2026-03-23 20:15:25'),(15,5,'FILL','模板填表','FAILED','2026-03-23 20:15:25','2026-03-23 20:15:28',2072,'AI 填表失败','AI 填表任务失败: process exit code 1','2026-03-23 20:14:24','2026-03-23 20:15:27'),(37,6,'RAG','RAG 检索','SKIPPED',NULL,NULL,NULL,'当前未接入 RAG',NULL,'2026-03-23 20:21:13','2026-03-23 20:21:13'),(38,6,'EXTRACT','字段抽取','SKIPPED',NULL,NULL,NULL,'已切换为 AI 端内置抽取',NULL,'2026-03-23 20:21:13','2026-03-23 20:21:13'),(39,6,'FILL','模板填表','SUCCESS','2026-03-23 20:21:13','2026-03-23 20:21:16',2165,'已完成 AI 填表',NULL,'2026-03-23 20:21:13','2026-03-23 20:21:15'),(41,6,'GENERATE','生成结果文件','SUCCESS','2026-03-23 20:21:16','2026-03-23 20:21:16',0,'输出: fill_5fb2f134c9d9_0c2e611f_2025年中国城市经济百强全景报告-模板.xlsx',NULL,'2026-03-23 20:21:15','2026-03-23 20:21:15'),(42,7,'RAG','RAG 检索','SKIPPED',NULL,NULL,NULL,'当前未接入 RAG',NULL,'2026-03-23 20:32:06','2026-03-23 20:32:06'),(43,7,'EXTRACT','字段抽取','SKIPPED',NULL,NULL,NULL,'已切换为 AI 端内置抽取',NULL,'2026-03-23 20:32:06','2026-03-23 20:32:06'),(44,7,'FILL','模板填表','SUCCESS','2026-03-23 20:32:07','2026-03-23 20:32:09',2083,'已完成 AI 填表',NULL,'2026-03-23 20:32:06','2026-03-23 20:32:08'),(46,7,'GENERATE','生成结果文件','SUCCESS','2026-03-23 20:32:09','2026-03-23 20:32:09',0,'输出: fill_31f21eeabe2f_7ae48dd3_2025年中国城市经济百强全景报告-模板.xlsx',NULL,'2026-03-23 20:32:08','2026-03-23 20:32:08'),(47,8,'RAG','RAG 检索','SKIPPED',NULL,NULL,NULL,'当前未接入 RAG',NULL,'2026-03-23 20:32:23','2026-03-23 20:32:23'),(48,8,'EXTRACT','字段抽取','SKIPPED',NULL,NULL,NULL,'已切换为 AI 端内置抽取',NULL,'2026-03-23 20:32:23','2026-03-23 20:32:23'),(49,8,'FILL','模板填表','SUCCESS','2026-03-23 20:32:23','2026-03-23 20:32:26',2196,'已完成 AI 填表',NULL,'2026-03-23 20:32:23','2026-03-23 20:32:25'),(51,8,'GENERATE','生成结果文件','SUCCESS','2026-03-23 20:32:26','2026-03-23 20:32:26',0,'输出: fill_a32aba46ac34_0760da9e_2025年中国城市经济百强全景报告-模板.xlsx',NULL,'2026-03-23 20:32:25','2026-03-23 20:32:25'),(52,9,'RAG','RAG 检索','SKIPPED',NULL,NULL,NULL,'当前未接入 RAG',NULL,'2026-03-23 20:46:59','2026-03-23 20:47:56'),(53,9,'EXTRACT','字段抽取','SKIPPED',NULL,NULL,NULL,'已切换为 AI 端内置抽取',NULL,'2026-03-23 20:46:59','2026-03-23 20:47:56'),(54,9,'FILL','模板填表','FAILED','2026-03-23 20:47:56','2026-03-23 20:47:57',1085,'AI 填表失败','AI 填表任务失败: process exit code 1','2026-03-23 20:46:59','2026-03-23 20:47:57'),(76,10,'RAG','RAG 检索','SKIPPED',NULL,NULL,NULL,'当前未接入 RAG',NULL,'2026-03-23 20:50:18','2026-03-23 20:50:36'),(77,10,'EXTRACT','字段抽取','SKIPPED',NULL,NULL,NULL,'已切换为 AI 端内置抽取',NULL,'2026-03-23 20:50:18','2026-03-23 20:50:36'),(78,10,'FILL','模板填表','SUCCESS','2026-03-23 20:50:36','2026-03-23 20:50:45',8199,'已完成 AI 填表',NULL,'2026-03-23 20:50:18','2026-03-23 20:50:44'),(84,10,'GENERATE','生成结果文件','SUCCESS','2026-03-23 20:50:45','2026-03-23 20:50:45',0,'输出: fill_2839e0fd8fb3_ccc78b32_2025山东省环境空气质量监测数据信息-模板.docx',NULL,'2026-03-23 20:50:44','2026-03-23 20:50:44'),(85,11,'RAG','RAG 检索','SKIPPED',NULL,NULL,NULL,'当前未接入 RAG',NULL,'2026-03-23 20:52:59','2026-03-23 20:52:59'),(86,11,'EXTRACT','字段抽取','SKIPPED',NULL,NULL,NULL,'已切换为 AI 端内置抽取',NULL,'2026-03-23 20:52:59','2026-03-23 20:52:59'),(87,11,'FILL','模板填表','SUCCESS','2026-03-23 20:53:00','2026-03-23 20:53:06',6222,'已完成 AI 填表',NULL,'2026-03-23 20:52:59','2026-03-23 20:53:05'),(89,11,'GENERATE','生成结果文件','SUCCESS','2026-03-23 20:53:06','2026-03-23 20:53:06',0,'输出: fill_1ca1bacbd7ee_e3f56e7e_2025山东省环境空气质量监测数据信息-模板.docx',NULL,'2026-03-23 20:53:05','2026-03-23 20:53:05'),(90,12,'RAG','RAG 检索','SKIPPED',NULL,NULL,NULL,'当前未接入 RAG',NULL,'2026-03-23 20:54:48','2026-03-23 20:55:39'),(91,12,'EXTRACT','字段抽取','SKIPPED',NULL,NULL,NULL,'已切换为 AI 端内置抽取',NULL,'2026-03-23 20:54:48','2026-03-23 20:55:39'),(92,12,'FILL','模板填表','FAILED','2026-03-23 20:55:39','2026-03-23 20:55:39',8,'AI 填表失败','输入文档不存在: 合同A.txt','2026-03-23 20:54:48','2026-03-23 20:55:39'),(98,13,'RAG','RAG 检索','SKIPPED',NULL,NULL,NULL,'当前未接入 RAG',NULL,'2026-03-23 20:55:06','2026-03-23 20:55:57'),(99,13,'EXTRACT','字段抽取','SKIPPED',NULL,NULL,NULL,'已切换为 AI 端内置抽取',NULL,'2026-03-23 20:55:06','2026-03-23 20:55:57'),(100,13,'FILL','模板填表','FAILED','2026-03-23 20:55:57','2026-03-23 20:55:57',11,'AI 填表失败','输入文档不存在: 合同A.txt','2026-03-23 20:55:06','2026-03-23 20:55:57'),(134,14,'RAG','RAG 检索','SKIPPED',NULL,NULL,NULL,'当前未接入 RAG',NULL,'2026-03-23 20:55:47','2026-03-23 20:55:47'),(135,14,'EXTRACT','字段抽取','SKIPPED',NULL,NULL,NULL,'已切换为 AI 端内置抽取',NULL,'2026-03-23 20:55:47','2026-03-23 20:55:47'),(136,14,'FILL','模板填表','SUCCESS','2026-03-23 20:55:48','2026-03-23 20:55:50',2079,'已完成 AI 填表',NULL,'2026-03-23 20:55:47','2026-03-23 20:55:49'),(138,14,'GENERATE','生成结果文件','SUCCESS','2026-03-23 20:55:50','2026-03-23 20:55:50',0,'输出: fill_0dbdacf04363_7c5229fe_2025年中国城市经济百强全景报告-模板.xlsx',NULL,'2026-03-23 20:55:49','2026-03-23 20:55:49'),(143,15,'RAG','RAG 检索','SKIPPED',NULL,NULL,NULL,'当前未接入 RAG',NULL,'2026-03-23 20:59:30','2026-03-23 20:59:30'),(144,15,'EXTRACT','字段抽取','SKIPPED',NULL,NULL,NULL,'已切换为 AI 端内置抽取',NULL,'2026-03-23 20:59:30','2026-03-23 20:59:30'),(145,15,'FILL','模板填表','SUCCESS','2026-03-23 20:59:31','2026-03-23 20:59:33',2068,'已完成 AI 填表',NULL,'2026-03-23 20:59:30','2026-03-23 20:59:32'),(147,15,'GENERATE','生成结果文件','SUCCESS','2026-03-23 20:59:33','2026-03-23 20:59:33',0,'输出: fill_b3884719a913_00de9a38_2025年中国城市经济百强全景报告-模板.xlsx',NULL,'2026-03-23 20:59:32','2026-03-23 20:59:32'),(148,16,'RAG','RAG 检索','SKIPPED',NULL,NULL,NULL,'当前未接入 RAG',NULL,'2026-03-23 21:06:01','2026-03-23 21:23:02'),(149,16,'EXTRACT','字段抽取','SKIPPED',NULL,NULL,NULL,'已切换为 AI 端内置抽取',NULL,'2026-03-23 21:06:01','2026-03-23 21:23:02'),(150,16,'FILL','模板填表','FAILED','2026-03-23 21:23:02','2026-03-23 21:26:03',180907,'AI 填表失败','AI 填表任务超时(180s), lastStatus=running','2026-03-23 21:06:01','2026-03-23 21:26:02'),(171,17,'RAG','RAG 检索','SKIPPED',NULL,NULL,NULL,'当前未接入 RAG',NULL,'2026-03-23 21:22:52','2026-03-23 21:22:52'),(172,17,'EXTRACT','字段抽取','SKIPPED',NULL,NULL,NULL,'已切换为 AI 端内置抽取',NULL,'2026-03-23 21:22:52','2026-03-23 21:22:52'),(173,17,'FILL','模板填表','SUCCESS','2026-03-23 21:22:52','2026-03-23 21:22:54',2092,'已完成 AI 填表',NULL,'2026-03-23 21:22:52','2026-03-23 21:22:54'),(175,17,'GENERATE','生成结果文件','SUCCESS','2026-03-23 21:22:54','2026-03-23 21:22:54',0,'输出: fill_3c1a76329c79_0c84d3a4_2025年中国城市经济百强全景报告-模板.xlsx',NULL,'2026-03-23 21:22:54','2026-03-23 21:22:54'),(180,18,'RAG','RAG 检索','SKIPPED',NULL,NULL,NULL,'当前未接入 RAG',NULL,'2026-03-24 17:25:57','2026-03-24 17:25:57'),(181,18,'EXTRACT','字段抽取','SKIPPED',NULL,NULL,NULL,'已切换为 AI 端内置抽取',NULL,'2026-03-24 17:25:57','2026-03-24 17:25:57'),(182,18,'FILL','模板填表','SUCCESS','2026-03-24 17:25:57','2026-03-24 17:26:05',7331,'已完成 AI 填表',NULL,'2026-03-24 17:25:57','2026-03-24 17:26:04'),(184,18,'GENERATE','生成结果文件','SUCCESS','2026-03-24 17:26:05','2026-03-24 17:26:05',0,'输出: fill_da2598a1a325_dee687b8_2025山东省环境空气质量监测数据信息-模板.docx',NULL,'2026-03-24 17:26:04','2026-03-24 17:26:04'),(185,19,'RAG','RAG 检索','SKIPPED',NULL,NULL,NULL,'当前未接入 RAG',NULL,'2026-03-24 17:30:37','2026-03-24 17:36:58'),(186,19,'EXTRACT','字段抽取','SKIPPED',NULL,NULL,NULL,'已切换为 AI 端内置抽取',NULL,'2026-03-24 17:30:37','2026-03-24 17:36:58'),(187,19,'FILL','模板填表','RUNNING','2026-03-24 17:36:58',NULL,NULL,'调用 AI 填表任务流',NULL,'2026-03-24 17:30:37','2026-03-24 17:36:58'),(196,20,'RAG','RAG 检索','SKIPPED',NULL,NULL,NULL,'当前未接入 RAG',NULL,'2026-03-24 17:39:41','2026-03-24 17:39:41'),(197,20,'EXTRACT','字段抽取','SKIPPED',NULL,NULL,NULL,'已切换为 AI 端内置抽取',NULL,'2026-03-24 17:39:41','2026-03-24 17:39:41'),(198,20,'FILL','模板填表','SUCCESS','2026-03-24 17:39:41','2026-03-24 17:46:28',406871,'已完成 AI 填表',NULL,'2026-03-24 17:39:41','2026-03-24 17:46:28'),(200,20,'GENERATE','生成结果文件','SUCCESS','2026-03-24 17:46:28','2026-03-24 17:46:28',0,'输出: fill_b9d83da57bcd_6f6e875c_COVID-19 模板.xlsx',NULL,'2026-03-24 17:46:28','2026-03-24 17:46:28'),(201,21,'RAG','RAG 检索','SKIPPED',NULL,NULL,NULL,'当前未接入 RAG',NULL,'2026-03-24 17:52:30','2026-03-24 17:52:30'),(202,21,'EXTRACT','字段抽取','SKIPPED',NULL,NULL,NULL,'已切换为 AI 端内置抽取',NULL,'2026-03-24 17:52:30','2026-03-24 17:52:30'),(203,21,'FILL','模板填表','SUCCESS','2026-03-24 17:52:31','2026-03-24 17:52:39',8183,'已完成 AI 填表',NULL,'2026-03-24 17:52:30','2026-03-24 17:52:38'),(205,21,'GENERATE','生成结果文件','SUCCESS','2026-03-24 17:52:39','2026-03-24 17:52:39',0,'输出: fill_87d2e2fc6c97_eba6169b_2025山东省环境空气质量监测数据信息-模板.docx',NULL,'2026-03-24 17:52:38','2026-03-24 17:52:38'),(206,22,'RAG','RAG 检索','SKIPPED',NULL,NULL,NULL,'当前未接入 RAG',NULL,'2026-04-02 23:50:23','2026-04-02 23:51:14'),(207,22,'EXTRACT','字段抽取','SKIPPED',NULL,NULL,NULL,'已切换为 AI 端内置抽取',NULL,'2026-04-02 23:50:23','2026-04-02 23:51:14'),(208,22,'FILL','模板填表','FAILED','2026-04-02 23:51:14','2026-04-02 23:51:14',31,'AI 填表失败','调用 AI 创建任务异常: 401 Unauthorized: [no body]','2026-04-02 23:50:23','2026-04-02 23:51:14'),(230,23,'RAG','RAG 检索','SKIPPED',NULL,NULL,NULL,'当前未接入 RAG',NULL,'2026-04-02 23:51:48','2026-04-02 23:52:39'),(231,23,'EXTRACT','字段抽取','SKIPPED',NULL,NULL,NULL,'已切换为 AI 端内置抽取',NULL,'2026-04-02 23:51:48','2026-04-02 23:52:39'),(232,23,'FILL','模板填表','FAILED','2026-04-02 23:52:39','2026-04-02 23:52:39',42,'AI 填表失败','调用 AI 创建任务异常: 401 Unauthorized: [no body]','2026-04-02 23:51:48','2026-04-02 23:52:39'),(254,24,'RAG','RAG 检索','SKIPPED',NULL,NULL,NULL,'当前未接入 RAG',NULL,'2026-04-02 23:53:54','2026-04-02 23:54:44'),(255,24,'EXTRACT','字段抽取','SKIPPED',NULL,NULL,NULL,'已切换为 AI 端内置抽取',NULL,'2026-04-02 23:53:54','2026-04-02 23:54:44'),(256,24,'FILL','模板填表','FAILED','2026-04-02 23:54:45','2026-04-02 23:54:45',31,'AI 填表失败','调用 AI 创建任务异常: 401 Unauthorized: [no body]','2026-04-02 23:53:54','2026-04-02 23:54:44'),(278,25,'RAG','RAG 检索','SKIPPED',NULL,NULL,NULL,'当前未接入 RAG',NULL,'2026-04-02 23:57:48','2026-04-02 23:58:38'),(279,25,'EXTRACT','字段抽取','SKIPPED',NULL,NULL,NULL,'已切换为 AI 端内置抽取',NULL,'2026-04-02 23:57:48','2026-04-02 23:58:38'),(280,25,'FILL','模板填表','FAILED','2026-04-02 23:58:39','2026-04-02 23:58:39',57,'AI 填表失败','调用 AI 创建任务异常: 401 Unauthorized: [no body]','2026-04-02 23:57:48','2026-04-02 23:58:38'),(302,26,'RAG','RAG 检索','SKIPPED',NULL,NULL,NULL,'当前未接入 RAG',NULL,'2026-04-03 00:00:44','2026-04-03 00:02:01'),(303,26,'EXTRACT','字段抽取','SKIPPED',NULL,NULL,NULL,'已切换为 AI 端内置抽取',NULL,'2026-04-03 00:00:44','2026-04-03 00:02:01'),(304,26,'FILL','模板填表','FAILED','2026-04-03 00:02:01','2026-04-03 00:02:07',5131,'AI 填表失败','AI 结果下载失败: 404 Not Found: \"{\"detail\":\"找不到输出文件：result_json\"}\"','2026-04-03 00:00:44','2026-04-03 00:02:06'),(326,27,'RAG','RAG 检索','SKIPPED',NULL,NULL,NULL,'当前未接入 RAG',NULL,'2026-04-03 00:03:57','2026-04-03 00:04:54'),(327,27,'EXTRACT','字段抽取','SKIPPED',NULL,NULL,NULL,'已切换为 AI 端内置抽取',NULL,'2026-04-03 00:03:57','2026-04-03 00:04:54'),(328,27,'FILL','模板填表','FAILED','2026-04-03 00:04:54','2026-04-03 00:04:56',2107,'AI 填表失败','AI 结果下载失败: 404 Not Found: \"{\"detail\":\"找不到输出文件：result_json\"}\"','2026-04-03 00:03:57','2026-04-03 00:04:56'),(350,28,'RAG','RAG 检索','SKIPPED',NULL,NULL,NULL,'当前未接入 RAG',NULL,'2026-04-03 00:08:10','2026-04-03 00:08:10'),(351,28,'EXTRACT','字段抽取','SKIPPED',NULL,NULL,NULL,'已切换为 AI 端内置抽取',NULL,'2026-04-03 00:08:10','2026-04-03 00:08:10'),(352,28,'FILL','模板填表','SUCCESS','2026-04-03 00:08:10','2026-04-03 00:08:13',2138,'已完成 AI 填表',NULL,'2026-04-03 00:08:10','2026-04-03 00:08:12'),(354,28,'GENERATE','生成结果文件','SUCCESS','2026-04-03 00:08:13','2026-04-03 00:08:13',0,'输出: fill_e8dcf30ff7c1_be9f5838_2025山东省环境空气质量监测数据信息-模板.docx',NULL,'2026-04-03 00:08:12','2026-04-03 00:08:12'),(355,29,'RAG','RAG 检索','SKIPPED',NULL,NULL,NULL,'当前未接入 RAG',NULL,'2026-04-10 18:44:57','2026-04-10 18:45:54'),(356,29,'EXTRACT','字段抽取','SKIPPED',NULL,NULL,NULL,'已切换为 AI 端内置抽取',NULL,'2026-04-10 18:44:57','2026-04-10 18:45:54'),(357,29,'FILL','模板填表','FAILED','2026-04-10 18:45:55','2026-04-10 18:45:57',2088,'AI 填表失败','AI 结果下载失败: 404 Not Found: \"{\"detail\":\"找不到输出文件：result_json\"}\"','2026-04-10 18:44:57','2026-04-10 18:45:56'),(379,30,'RAG','RAG 检索','SKIPPED',NULL,NULL,NULL,'当前未接入 RAG',NULL,'2026-04-10 18:47:39','2026-04-10 18:48:38'),(380,30,'EXTRACT','字段抽取','SKIPPED',NULL,NULL,NULL,'已切换为 AI 端内置抽取',NULL,'2026-04-10 18:47:39','2026-04-10 18:48:38'),(381,30,'FILL','模板填表','FAILED','2026-04-10 18:48:39','2026-04-10 18:48:40',1109,'AI 填表失败','AI 结果下载失败: 404 Not Found: \"{\"detail\":\"找不到输出文件：result_docx\"}\"','2026-04-10 18:47:39','2026-04-10 18:48:40'),(395,31,'RAG','RAG 检索','SKIPPED',NULL,NULL,NULL,'当前未接入 RAG',NULL,'2026-04-10 18:48:20','2026-04-10 18:48:43'),(396,31,'EXTRACT','字段抽取','SKIPPED',NULL,NULL,NULL,'已切换为 AI 端内置抽取',NULL,'2026-04-10 18:48:20','2026-04-10 18:48:43'),(397,31,'FILL','模板填表','FAILED','2026-04-10 18:48:44','2026-04-10 18:48:45',1076,'AI 填表失败','AI 结果下载失败: 404 Not Found: \"{\"detail\":\"找不到输出文件：result_docx\"}\"','2026-04-10 18:48:20','2026-04-10 18:48:44'),(415,32,'RAG','RAG 检索','SKIPPED',NULL,NULL,NULL,'当前未接入 RAG',NULL,'2026-04-10 22:59:41','2026-04-10 23:00:31'),(416,32,'EXTRACT','字段抽取','SKIPPED',NULL,NULL,NULL,'已切换为 AI 端内置抽取',NULL,'2026-04-10 22:59:41','2026-04-10 23:00:32'),(417,32,'FILL','模板填表','FAILED','2026-04-10 23:00:32','2026-04-10 23:00:32',43,'AI 填表失败','调用 AI 创建任务异常: I/O error on POST request for \"http://localhost:8000/api/tasks/create\": Connection refused: getsockopt','2026-04-10 22:59:41','2026-04-10 23:00:32'),(439,33,'RAG','RAG 检索','SKIPPED',NULL,NULL,NULL,'当前未接入 RAG',NULL,'2026-04-11 21:41:42','2026-04-11 21:42:33'),(440,33,'EXTRACT','字段抽取','SKIPPED',NULL,NULL,NULL,'已切换为 AI 端内置抽取',NULL,'2026-04-11 21:41:42','2026-04-11 21:42:33'),(441,33,'FILL','模板填表','FAILED','2026-04-11 21:42:33','2026-04-11 21:42:33',30,'AI 填表失败','调用 AI 创建任务异常: I/O error on POST request for \"http://localhost:8000/api/tasks/create\": Connection refused: getsockopt','2026-04-11 21:41:42','2026-04-11 21:42:33'),(463,34,'RAG','RAG 检索','SKIPPED',NULL,NULL,NULL,'当前未接入 RAG',NULL,'2026-04-15 16:01:10','2026-04-15 16:02:10'),(464,34,'EXTRACT','字段抽取','SKIPPED',NULL,NULL,NULL,'已切换为 AI 端内置抽取',NULL,'2026-04-15 16:01:10','2026-04-15 16:02:10'),(465,34,'FILL','模板填表','FAILED','2026-04-15 16:02:11','2026-04-15 16:02:13',2089,'AI 填表失败','AI 填表任务失败: unknown','2026-04-15 16:01:10','2026-04-15 16:02:12'),(502,36,'RAG','RAG 检索','SKIPPED',NULL,NULL,NULL,'当前未接入 RAG',NULL,'2026-04-15 18:31:30','2026-04-15 20:15:06'),(503,36,'EXTRACT','字段抽取','SKIPPED',NULL,NULL,NULL,'已切换为 AI 端内置抽取',NULL,'2026-04-15 18:31:30','2026-04-15 20:15:06'),(504,36,'FILL','模板填表','FAILED','2026-04-15 20:15:07','2026-04-15 20:15:10',3085,'AI 填表失败','调用 AI 创建任务异常: I/O error on POST request for \"http://localhost:8000/api/tasks/create\": Connection refused: getsockopt','2026-04-15 18:31:30','2026-04-15 20:15:09'),(517,37,'RAG','RAG 检索','SKIPPED',NULL,NULL,NULL,'当前未接入 RAG',NULL,'2026-04-15 19:15:29','2026-04-15 20:16:08'),(518,37,'EXTRACT','字段抽取','SKIPPED',NULL,NULL,NULL,'已切换为 AI 端内置抽取',NULL,'2026-04-15 19:15:29','2026-04-15 20:16:08'),(519,37,'FILL','模板填表','FAILED','2026-04-15 20:16:08','2026-04-15 20:16:12',3176,'AI 填表失败','调用 AI 创建任务异常: I/O error on POST request for \"http://localhost:8000/api/tasks/create\": Connection refused: getsockopt','2026-04-15 19:15:29','2026-04-15 20:16:11'),(676,38,'RAG','RAG 检索','SKIPPED',NULL,NULL,NULL,'当前未接入 RAG',NULL,'2026-04-16 00:53:22','2026-04-16 11:17:45'),(677,38,'EXTRACT','字段抽取','SKIPPED',NULL,NULL,NULL,'已切换为 AI 端内置抽取',NULL,'2026-04-16 00:53:22','2026-04-16 11:17:45'),(678,38,'FILL','模板填表','FAILED','2026-04-16 11:17:46','2026-04-16 11:18:10',24373,'用户取消任务，停止处理','cancelled','2026-04-16 00:53:22','2026-04-16 11:18:10'),(695,39,'RAG','RAG 检索','SKIPPED',NULL,NULL,NULL,'当前未接入 RAG',NULL,'2026-04-16 11:18:10','2026-04-16 11:31:51'),(696,39,'EXTRACT','字段抽取','SKIPPED',NULL,NULL,NULL,'已切换为 AI 端内置抽取',NULL,'2026-04-16 11:18:10','2026-04-16 11:31:51'),(697,39,'FILL','模板填表','RUNNING','2026-04-16 11:31:52',NULL,NULL,'调用 AI 填表任务流',NULL,'2026-04-16 11:18:10','2026-04-16 11:31:51'),(706,40,'RAG','RAG 检索','SKIPPED',NULL,NULL,NULL,'当前未接入 RAG',NULL,'2026-04-16 11:39:06','2026-04-16 11:42:44'),(707,40,'EXTRACT','字段抽取','SKIPPED',NULL,NULL,NULL,'已切换为 AI 端内置抽取',NULL,'2026-04-16 11:39:06','2026-04-16 11:42:44'),(708,40,'FILL','模板填表','SUCCESS','2026-04-16 11:42:45','2026-04-16 11:45:27',162474,'已完成 AI 填表',NULL,'2026-04-16 11:39:06','2026-04-16 11:45:27'),(734,40,'GENERATE','生成结果文件','SUCCESS','2026-04-16 11:45:27','2026-04-16 11:45:27',0,'输出: fill_5e277f690ee5_fb87a87d_2025年中国城市经济百强全景报告-模板.xlsx',NULL,'2026-04-16 11:45:27','2026-04-16 11:45:27'),(735,41,'RAG','RAG 检索','SKIPPED',NULL,NULL,NULL,'当前未接入 RAG',NULL,'2026-04-16 14:52:15','2026-04-16 14:59:16'),(736,41,'EXTRACT','字段抽取','SKIPPED',NULL,NULL,NULL,'已切换为 AI 端内置抽取',NULL,'2026-04-16 14:52:15','2026-04-16 14:59:16'),(737,41,'FILL','模板填表','FAILED','2026-04-16 14:59:16','2026-04-16 15:02:21',184490,'用户取消任务，停止处理','cancelled','2026-04-16 14:52:15','2026-04-16 15:02:20'),(743,43,'RAG','RAG 检索','SKIPPED',NULL,NULL,NULL,'当前未接入 RAG',NULL,'2026-04-16 15:02:20','2026-04-16 15:03:21'),(744,43,'EXTRACT','字段抽取','SKIPPED',NULL,NULL,NULL,'已切换为 AI 端内置抽取',NULL,'2026-04-16 15:02:20','2026-04-16 15:03:21'),(745,43,'FILL','模板填表','FAILED','2026-04-16 15:03:21','2026-04-16 15:03:45',23391,'用户取消任务，停止处理','cancelled','2026-04-16 15:02:20','2026-04-16 15:03:44'),(751,44,'RAG','RAG 检索','SKIPPED',NULL,NULL,NULL,'当前未接入 RAG',NULL,'2026-04-16 15:03:48','2026-04-16 22:38:26'),(752,44,'EXTRACT','字段抽取','SKIPPED',NULL,NULL,NULL,'已切换为 AI 端内置抽取',NULL,'2026-04-16 15:03:48','2026-04-16 22:38:26'),(753,44,'FILL','模板填表','FAILED','2026-04-16 22:38:26','2026-04-16 22:38:29',2518,'AI 填表失败','调用 AI 创建任务异常: I/O error on POST request for \"http://localhost:8000/api/tasks/create\": Connection refused: getsockopt','2026-04-16 15:03:48','2026-04-16 22:38:28'),(826,45,'RAG','RAG 检索','SKIPPED',NULL,NULL,NULL,'当前未接入 RAG',NULL,'2026-04-17 13:43:53','2026-04-17 13:43:53'),(827,45,'EXTRACT','字段抽取','SKIPPED',NULL,NULL,NULL,'已切换为 AI 端内置抽取',NULL,'2026-04-17 13:43:53','2026-04-17 13:43:53'),(828,45,'FILL','模板填表','SUCCESS','2026-04-17 13:43:54','2026-04-17 13:46:54',180279,'已完成 AI 填表',NULL,'2026-04-17 13:43:53','2026-04-17 13:46:54'),(830,45,'GENERATE','生成结果文件','SUCCESS','2026-04-17 13:46:54','2026-04-17 13:46:54',0,'输出: fill_aadc4b63752e_175a8ea6_2025年中国城市经济百强全景报告-模板.xlsx',NULL,'2026-04-17 13:46:54','2026-04-17 13:46:54'),(831,46,'RAG','RAG 检索','SKIPPED',NULL,NULL,NULL,'当前未接入 RAG',NULL,'2026-04-17 21:37:33','2026-04-17 21:37:33'),(832,46,'EXTRACT','字段抽取','SKIPPED',NULL,NULL,NULL,'已切换为 AI 端内置抽取',NULL,'2026-04-17 21:37:33','2026-04-17 21:37:33'),(833,46,'FILL','模板填表','SUCCESS','2026-04-17 21:37:34','2026-04-17 21:40:21',166573,'已完成 AI 填表',NULL,'2026-04-17 21:37:33','2026-04-17 21:40:20'),(835,46,'GENERATE','生成结果文件','SUCCESS','2026-04-17 21:40:21','2026-04-17 21:40:21',0,'输出: fill_d2739ffe4e19_6afd249f_2025年中国城市经济百强全景报告-模板.xlsx',NULL,'2026-04-17 21:40:20','2026-04-17 21:40:20'),(836,47,'PREPARE','准备输入与模板','SUCCESS','2026-04-17 23:04:59','2026-04-17 23:04:59',13,'已确认模板与文档，准备提交 AI 任务',NULL,'2026-04-17 23:04:58','2026-04-17 23:04:58'),(838,47,'AI_PROCESS','AI 处理任务','SUCCESS','2026-04-17 23:04:59','2026-04-17 23:08:04',184996,'AI 已返回处理结果',NULL,'2026-04-17 23:04:58','2026-04-17 23:08:03'),(840,47,'RESULT','保存结果文件','SUCCESS','2026-04-17 23:08:04','2026-04-17 23:08:04',0,'输出: fill_83ce89650282_cf1a2ad7_2025年中国城市经济百强全景报告-模板.xlsx',NULL,'2026-04-17 23:08:03','2026-04-17 23:08:03'),(841,48,'PREPARE','准备输入与模板','SUCCESS','2026-04-17 23:10:07','2026-04-17 23:10:07',12,'已确认模板与文档，准备提交 AI 任务',NULL,'2026-04-17 23:10:07','2026-04-17 23:10:07'),(843,48,'AI_PROCESS','AI 处理任务','RUNNING','2026-04-17 23:10:07',NULL,NULL,'已提交 AI 任务，等待处理与返回结果',NULL,'2026-04-17 23:10:07','2026-04-17 23:10:07'),(844,49,'PREPARE','准备输入与模板','SUCCESS','2026-04-17 23:13:08','2026-04-17 23:13:08',16,'已确认模板与文档，准备提交 AI 任务',NULL,'2026-04-17 23:13:07','2026-04-17 23:13:07'),(846,49,'AI_PROCESS','AI 处理任务','FAILED','2026-04-17 23:13:08','2026-04-17 23:13:13',5220,'用户取消任务，停止处理','cancelled','2026-04-17 23:13:08','2026-04-17 23:13:13'),(978,50,'PREPARE','准备输入与模板','SUCCESS','2026-04-18 02:12:20','2026-04-18 02:12:20',79,'已确认模板与文档，准备提交 AI 任务',NULL,'2026-04-18 02:12:20','2026-04-18 02:12:20'),(980,50,'AI_PROCESS','AI 处理任务','FAILED','2026-04-18 02:12:20','2026-04-18 02:12:23',3107,'AI 处理失败','调用 AI 创建任务异常: I/O error on POST request for \"http://localhost:8000/api/tasks/create\": Connection refused: getsockopt','2026-04-18 02:12:20','2026-04-18 02:12:23'),(994,52,'PREPARE','准备输入与模板','SUCCESS','2026-04-18 13:32:13','2026-04-18 13:32:13',9,'已确认模板与文档，准备提交 AI 任务',NULL,'2026-04-18 13:32:13','2026-04-18 13:32:13'),(996,52,'AI_PROCESS','AI 处理任务','FAILED','2026-04-18 13:32:13','2026-04-18 13:32:16',2774,'用户取消任务，停止处理','cancelled','2026-04-18 13:32:13','2026-04-18 13:32:16'),(1010,51,'PREPARE','准备输入与模板','SUCCESS','2026-04-18 13:32:42','2026-04-18 13:32:42',11,'已确认模板与文档，准备提交 AI 任务',NULL,'2026-04-18 13:32:42','2026-04-18 13:32:42'),(1012,51,'AI_PROCESS','AI 处理任务','FAILED','2026-04-18 13:32:42','2026-04-18 13:32:45',2656,'AI 处理失败','调用 AI 创建任务异常: I/O error on POST request for \"http://localhost:8000/api/tasks/create\": Connection refused: getsockopt','2026-04-18 13:32:42','2026-04-18 13:32:45'),(1030,53,'PREPARE','准备输入文档','SUCCESS','2026-04-18 13:33:39','2026-04-18 13:33:39',10,'已确认文档，准备提交 AI 任务',NULL,'2026-04-18 13:33:39','2026-04-18 13:33:39'),(1032,53,'AI_PROCESS','AI 处理任务','FAILED','2026-04-18 13:33:39','2026-04-18 13:33:42',2802,'AI 处理失败','调用 AI 创建任务异常: I/O error on POST request for \"http://localhost:8000/api/tasks/create\": Connection refused: getsockopt','2026-04-18 13:33:39','2026-04-18 13:33:42'),(1150,56,'PREPARE','准备输入与模板','SUCCESS','2026-04-19 14:56:16','2026-04-19 14:56:16',10,'已确认模板与文档，准备提交 AI 任务',NULL,'2026-04-19 14:56:16','2026-04-19 14:56:16'),(1152,56,'AI_PROCESS','AI 处理任务','FAILED','2026-04-19 14:56:16','2026-04-19 14:56:19',2075,'AI 处理失败','AI 填表任务失败: 任务失败，退出码: 1 | raw={\"task\":{\"task_id\":\"2fc766602a64\",\"status\":\"failed\",\"task_dir\":\"storage\\\\tasks\\\\2fc766602a64\",\"created_at\":1776581776.4900448,\"updated_at\":1776581777.7745636,\"error_message\":\"任务失败，退出码: 1\"},\"output_files\":{},\"error\":\"任务失败，退出码: 1\",\"error_message\":\"任务失败，退出码: 1\"}','2026-04-19 14:56:16','2026-04-19 14:56:18'),(1511,68,'PREPARE','准备输入与模板','SUCCESS','2026-04-19 18:15:12','2026-04-19 18:15:12',9,'已确认模板与文档，准备提交 AI 任务',NULL,'2026-04-19 18:15:11','2026-04-19 18:15:12'),(1513,68,'AI_PROCESS','AI 处理任务','SUCCESS','2026-04-19 18:15:12','2026-04-19 18:15:12',11,'AI 已返回处理结果',NULL,'2026-04-19 18:15:12','2026-04-19 18:15:12'),(1515,68,'RESULT','保存结果文件','SUCCESS','2026-04-19 18:15:12','2026-04-19 18:15:12',0,'输出: fill_mock_e6e27ec4561a4e23a072f4127a244289_7d119da3_2025年中国城市经济百强全景报告-模板.xlsx',NULL,'2026-04-19 18:15:12','2026-04-19 18:15:12'),(1526,71,'PREPARE','准备输入与模板','SUCCESS','2026-04-19 19:32:23','2026-04-19 19:32:23',18,'已确认模板与文档，准备提交 AI 任务',NULL,'2026-04-19 19:32:23','2026-04-19 19:32:23'),(1528,71,'AI_PROCESS','AI 处理任务','SUCCESS','2026-04-19 19:32:23','2026-04-19 19:32:23',26,'AI 已返回处理结果',NULL,'2026-04-19 19:32:23','2026-04-19 19:32:23'),(1530,71,'RESULT','保存结果文件','SUCCESS','2026-04-19 19:32:23','2026-04-19 19:32:23',0,'输出: fill_mock_759da0371c8344d8bdf20d230ba10b68_8e0076ad_2025年中国城市经济百强全景报告-模板.xlsx',NULL,'2026-04-19 19:32:23','2026-04-19 19:32:23'),(1556,35,'PREPARE','准备输入与模板','SUCCESS','2026-04-19 19:42:56','2026-04-19 19:42:56',9,'已确认模板与文档，准备提交 AI 任务',NULL,'2026-04-19 19:42:56','2026-04-19 19:42:56'),(1558,35,'AI_PROCESS','AI 处理任务','FAILED','2026-04-19 19:42:56','2026-04-19 19:42:56',11,'AI 处理失败','模板文件不存在: COVID-19 模板.xlsx','2026-04-19 19:42:56','2026-04-19 19:42:56'),(1560,73,'PREPARE','准备输入与模板','SUCCESS','2026-04-19 19:44:03','2026-04-19 19:44:03',9,'已确认模板与文档，准备提交 AI 任务',NULL,'2026-04-19 19:44:03','2026-04-19 19:44:03'),(1562,73,'AI_PROCESS','AI 处理任务','SUCCESS','2026-04-19 19:44:03','2026-04-19 19:44:30',26501,'AI 已返回处理结果',NULL,'2026-04-19 19:44:03','2026-04-19 19:44:29'),(1564,73,'RESULT','保存结果文件','SUCCESS','2026-04-19 19:44:30','2026-04-19 19:44:30',0,'输出: fill_f9c1bd04906a_9089be5d_2025年中国城市经济百强全景报告-模板.xlsx',NULL,'2026-04-19 19:44:29','2026-04-19 19:44:29'),(1565,72,'PREPARE','准备输入与模板','SUCCESS','2026-04-19 19:45:00','2026-04-19 19:45:00',8,'已确认模板与文档，准备提交 AI 任务',NULL,'2026-04-19 19:45:00','2026-04-19 19:45:00'),(1567,72,'AI_PROCESS','AI 处理任务','SUCCESS','2026-04-19 19:45:00','2026-04-19 19:45:23',23370,'AI 已返回处理结果',NULL,'2026-04-19 19:45:00','2026-04-19 19:45:23'),(1569,72,'RESULT','保存结果文件','SUCCESS','2026-04-19 19:45:23','2026-04-19 19:45:23',0,'输出: fill_a4623a3d9130_29ad004d_2025年中国城市经济百强全景报告-模板.xlsx',NULL,'2026-04-19 19:45:23','2026-04-19 19:45:23'),(1570,74,'PREPARE','准备输入与模板','SUCCESS','2026-04-19 20:01:51','2026-04-19 20:01:51',12,'已确认模板与文档，准备提交 AI 任务',NULL,'2026-04-19 20:01:51','2026-04-19 20:01:51'),(1572,74,'AI_PROCESS','AI 处理任务','SUCCESS','2026-04-19 20:01:51','2026-04-19 20:02:14',22518,'AI 已返回处理结果',NULL,'2026-04-19 20:01:51','2026-04-19 20:02:13'),(1574,74,'RESULT','保存结果文件','SUCCESS','2026-04-19 20:02:14','2026-04-19 20:02:14',0,'输出: fill_c28e68c0a5eb_f8fd47c6_2025年中国城市经济百强全景报告-模板.xlsx',NULL,'2026-04-19 20:02:13','2026-04-19 20:02:13'),(1575,75,'PREPARE','准备输入与模板','SUCCESS','2026-04-19 20:04:47','2026-04-19 20:04:47',12,'已确认模板与文档，准备提交 AI 任务',NULL,'2026-04-19 20:04:47','2026-04-19 20:04:47'),(1577,75,'AI_PROCESS','AI 处理任务','SUCCESS','2026-04-19 20:04:47','2026-04-19 20:05:14',26479,'AI 已返回处理结果',NULL,'2026-04-19 20:04:47','2026-04-19 20:05:13'),(1579,75,'RESULT','保存结果文件','SUCCESS','2026-04-19 20:05:14','2026-04-19 20:05:14',0,'输出: fill_600904eebb43_09ccfb27_2025年中国城市经济百强全景报告-模板.xlsx',NULL,'2026-04-19 20:05:13','2026-04-19 20:05:13'),(1580,76,'PREPARE','准备输入与模板','SUCCESS','2026-04-19 20:06:52','2026-04-19 20:06:52',14,'已确认模板与文档，准备提交 AI 任务',NULL,'2026-04-19 20:06:52','2026-04-19 20:06:52'),(1582,76,'AI_PROCESS','AI 处理任务','SUCCESS','2026-04-19 20:06:52','2026-04-19 20:09:26',153632,'AI 已返回处理结果',NULL,'2026-04-19 20:06:52','2026-04-19 20:09:26'),(1584,76,'RESULT','保存结果文件','SUCCESS','2026-04-19 20:09:26','2026-04-19 20:09:26',0,'输出: fill_23f6921ff896_2f3b63b4_2025年中国城市经济百强全景报告-模板.xlsx',NULL,'2026-04-19 20:09:26','2026-04-19 20:09:26'),(1644,78,'PREPARE','准备输入与模板','SUCCESS','2026-04-19 21:32:50','2026-04-19 21:32:50',12,'已确认模板与文档，准备提交 AI 任务',NULL,'2026-04-19 21:32:50','2026-04-19 21:32:50'),(1646,78,'AI_PROCESS','AI 处理任务','RUNNING','2026-04-19 21:32:50',NULL,NULL,'已提交 AI 任务，等待处理与返回结果',NULL,'2026-04-19 21:32:50','2026-04-19 21:32:50'),(1647,77,'PREPARE','准备输入与模板','SUCCESS','2026-04-19 21:35:33','2026-04-19 21:35:33',16,'已确认模板与文档，准备提交 AI 任务',NULL,'2026-04-19 21:35:33','2026-04-19 21:35:33'),(1649,77,'AI_PROCESS','AI 处理任务','SUCCESS','2026-04-19 21:35:33','2026-04-19 21:35:33',20,'AI 已返回处理结果',NULL,'2026-04-19 21:35:33','2026-04-19 21:35:33'),(1651,77,'RESULT','保存结果文件','SUCCESS','2026-04-19 21:35:33','2026-04-19 21:35:33',0,'输出: fill_mock_785050440dff4ca18093eaa7994f37c8_dd7cf37c_2025山东省环境空气质量监测数据信息-模板.docx',NULL,'2026-04-19 21:35:33','2026-04-19 21:35:33'),(1776,95,'PREPARE','准备输入与模板','SUCCESS','2026-04-20 13:06:46','2026-04-20 13:06:46',14,'已确认模板与文档，准备提交 AI 任务',NULL,'2026-04-20 13:06:46','2026-04-20 13:06:46'),(1778,95,'AI_PROCESS','AI 处理任务','SUCCESS','2026-04-20 13:06:46','2026-04-20 13:09:25',158417,'AI 已返回处理结果',NULL,'2026-04-20 13:06:46','2026-04-20 13:09:24'),(1780,95,'RESULT','保存结果文件','SUCCESS','2026-04-20 13:09:25','2026-04-20 13:09:25',0,'输出: fill_abd74ea54624_fe66aa18_2025年中国城市经济百强全景报告-模板.xlsx',NULL,'2026-04-20 13:09:24','2026-04-20 13:09:24'),(1781,96,'PREPARE','准备输入与模板','SUCCESS','2026-04-20 14:47:26','2026-04-20 14:47:26',19,'已确认模板与文档，准备提交 AI 任务',NULL,'2026-04-20 14:47:25','2026-04-20 14:47:25'),(1783,96,'AI_PROCESS','AI 处理任务','SUCCESS','2026-04-20 14:47:26','2026-04-20 15:00:35',789116,'AI 已返回处理结果',NULL,'2026-04-20 14:47:25','2026-04-20 15:00:34'),(1785,96,'RESULT','保存结果文件','SUCCESS','2026-04-20 15:00:35','2026-04-20 15:00:35',0,'输出: fill_6a0df11e8b60_70137169_2025山东省环境空气质量监测数据信息-模板.docx',NULL,'2026-04-20 15:00:34','2026-04-20 15:00:34'),(1786,97,'PREPARE','准备输入与模板','SUCCESS','2026-04-20 18:35:48','2026-04-20 18:35:48',13,'已确认模板与文档，准备提交 AI 任务',NULL,'2026-04-20 18:35:47','2026-04-20 18:35:47'),(1788,97,'AI_PROCESS','AI 处理任务','SUCCESS','2026-04-20 18:35:48','2026-04-20 18:37:07',79761,'AI 已返回处理结果',NULL,'2026-04-20 18:35:47','2026-04-20 18:37:07'),(1790,97,'RESULT','保存结果文件','SUCCESS','2026-04-20 18:37:07','2026-04-20 18:37:07',0,'输出: fill_813987fde77c_f6f82588_2025山东省环境空气质量监测数据信息-模板.docx',NULL,'2026-04-20 18:37:07','2026-04-20 18:37:07'),(1791,98,'PREPARE','准备输入与模板','SUCCESS','2026-04-20 19:09:42','2026-04-20 19:09:42',10,'已确认模板与文档，准备提交 AI 任务',NULL,'2026-04-20 19:09:42','2026-04-20 19:09:42'),(1793,98,'AI_PROCESS','AI 处理任务','SUCCESS','2026-04-20 19:09:42','2026-04-20 19:12:40',177420,'AI 已返回处理结果',NULL,'2026-04-20 19:09:42','2026-04-20 19:12:39'),(1795,98,'RESULT','保存结果文件','SUCCESS','2026-04-20 19:12:40','2026-04-20 19:12:40',0,'输出: fill_a347dcbbca38_daf495a9_COVID-19 模板.xlsx',NULL,'2026-04-20 19:12:39','2026-04-20 19:12:39'),(1796,99,'PREPARE','准备输入与模板','SUCCESS','2026-04-20 19:22:52','2026-04-20 19:22:52',10,'已确认模板与文档，准备提交 AI 任务',NULL,'2026-04-20 19:22:52','2026-04-20 19:22:52'),(1798,99,'AI_PROCESS','AI 处理任务','SUCCESS','2026-04-20 19:22:52','2026-04-20 19:25:23',150950,'AI 已返回处理结果',NULL,'2026-04-20 19:22:52','2026-04-20 19:25:23'),(1800,99,'RESULT','保存结果文件','SUCCESS','2026-04-20 19:25:23','2026-04-20 19:25:23',0,'输出: fill_8aff332fe53c_6adff50c_2025年中国城市经济百强全景报告-模板.xlsx',NULL,'2026-04-20 19:25:23','2026-04-20 19:25:23'),(1821,100,'PREPARE','准备输入与模板','SUCCESS','2026-04-20 20:10:35','2026-04-20 20:10:35',9,'已确认模板与文档，准备提交 AI 任务',NULL,'2026-04-20 20:10:34','2026-04-20 20:10:34'),(1823,100,'AI_PROCESS','AI 处理任务','FAILED','2026-04-20 20:10:35','2026-04-20 20:11:20',45686,'AI 处理失败','AI 结果下载失败: 404 Not Found: \"{\"detail\":\"找不到输出文件：result_docx\"}\"','2026-04-20 20:10:34','2026-04-20 20:11:20'),(1829,101,'PREPARE','准备输入与模板','SUCCESS','2026-04-20 20:15:07','2026-04-20 20:15:07',9,'已确认模板与文档，准备提交 AI 任务',NULL,'2026-04-20 20:15:06','2026-04-20 20:15:06'),(1831,101,'AI_PROCESS','AI 处理任务','SUCCESS','2026-04-20 20:15:07','2026-04-20 20:15:29',22613,'AI 已返回处理结果',NULL,'2026-04-20 20:15:06','2026-04-20 20:15:29'),(1833,101,'RESULT','保存结果文件','SUCCESS','2026-04-20 20:15:29','2026-04-20 20:15:29',0,'输出: fill_2d1715b011c8_c1eb43b3_2025年中国城市经济百强全景报告-模板.xlsx',NULL,'2026-04-20 20:15:29','2026-04-20 20:15:29'),(1834,102,'PREPARE','准备输入与模板','SUCCESS','2026-04-20 20:21:51','2026-04-20 20:21:51',14,'已确认模板与文档，准备提交 AI 任务',NULL,'2026-04-20 20:21:51','2026-04-20 20:21:51'),(1836,102,'AI_PROCESS','AI 处理任务','SUCCESS','2026-04-20 20:21:51','2026-04-20 20:22:13',21814,'AI 已返回处理结果',NULL,'2026-04-20 20:21:51','2026-04-20 20:22:12'),(1838,102,'RESULT','保存结果文件','SUCCESS','2026-04-20 20:22:13','2026-04-20 20:22:13',0,'输出: fill_2e1561cbdc36_e454ed06_2025年中国城市经济百强全景报告-模板.xlsx',NULL,'2026-04-20 20:22:12','2026-04-20 20:22:12'),(1839,103,'PREPARE','准备输入与模板','SUCCESS','2026-04-20 20:23:30','2026-04-20 20:23:30',19,'已确认模板与文档，准备提交 AI 任务',NULL,'2026-04-20 20:23:29','2026-04-20 20:23:29'),(1841,103,'AI_PROCESS','AI 处理任务','FAILED','2026-04-20 20:23:30','2026-04-20 20:26:02',152340,'用户取消任务，停止处理','cancelled','2026-04-20 20:23:29','2026-04-20 20:26:01'),(1843,104,'PREPARE','准备输入与模板','SUCCESS','2026-04-20 20:26:44','2026-04-20 20:26:44',11,'已确认模板与文档，准备提交 AI 任务',NULL,'2026-04-20 20:26:43','2026-04-20 20:26:43'),(1845,104,'AI_PROCESS','AI 处理任务','SUCCESS','2026-04-20 20:26:44','2026-04-20 20:27:54',70635,'AI 已返回处理结果',NULL,'2026-04-20 20:26:43','2026-04-20 20:27:54'),(1847,104,'RESULT','保存结果文件','SUCCESS','2026-04-20 20:27:55','2026-04-20 20:27:55',0,'输出: fill_c979a3b51ab0_5938425f_2025山东省环境空气质量监测数据信息-模板.docx',NULL,'2026-04-20 20:27:54','2026-04-20 20:27:54'),(1848,105,'PREPARE','准备输入与模板','SUCCESS','2026-04-21 11:40:14','2026-04-21 11:40:14',15,'已确认模板与文档，准备提交 AI 任务',NULL,'2026-04-21 11:40:14','2026-04-21 11:40:14'),(1850,105,'AI_PROCESS','AI 处理任务','SUCCESS','2026-04-21 11:40:14','2026-04-21 11:40:40',25631,'AI 已返回处理结果',NULL,'2026-04-21 11:40:14','2026-04-21 11:40:40'),(1852,105,'RESULT','保存结果文件','SUCCESS','2026-04-21 11:40:40','2026-04-21 11:40:40',0,'输出: fill_c05adb0efac0_d309038b_2025年中国城市经济百强全景报告-模板.xlsx',NULL,'2026-04-21 11:40:40','2026-04-21 11:40:40'),(1853,106,'PREPARE','准备输入与模板','SUCCESS','2026-04-21 11:42:19','2026-04-21 11:42:19',26,'已确认模板与文档，准备提交 AI 任务',NULL,'2026-04-21 11:42:19','2026-04-21 11:42:19'),(1855,106,'AI_PROCESS','AI 处理任务','SUCCESS','2026-04-21 11:42:19','2026-04-21 11:43:29',69724,'AI 已返回处理结果',NULL,'2026-04-21 11:42:19','2026-04-21 11:43:28'),(1857,106,'RESULT','保存结果文件','SUCCESS','2026-04-21 11:43:29','2026-04-21 11:43:29',0,'输出: fill_c7a2ca31177f_637fb897_2025山东省环境空气质量监测数据信息-模板.docx',NULL,'2026-04-21 11:43:28','2026-04-21 11:43:28'),(1858,107,'PREPARE','准备输入与模板','SUCCESS','2026-04-21 11:44:34','2026-04-21 11:44:34',10,'已确认模板与文档，准备提交 AI 任务',NULL,'2026-04-21 11:44:34','2026-04-21 11:44:34'),(1860,107,'AI_PROCESS','AI 处理任务','SUCCESS','2026-04-21 11:44:34','2026-04-21 11:45:26',51638,'AI 已返回处理结果',NULL,'2026-04-21 11:44:34','2026-04-21 11:45:25'),(1862,107,'RESULT','保存结果文件','SUCCESS','2026-04-21 11:45:26','2026-04-21 11:45:26',0,'输出: fill_3ebff86c3318_e561e1fd_COVID-19 模板.xlsx',NULL,'2026-04-21 11:45:25','2026-04-21 11:45:25'),(1863,108,'PREPARE','准备输入与模板','SUCCESS','2026-04-21 12:04:50','2026-04-21 12:04:50',12,'已确认模板与文档，准备提交 AI 任务',NULL,'2026-04-21 12:04:49','2026-04-21 12:04:49'),(1865,108,'AI_PROCESS','AI 处理任务','SUCCESS','2026-04-21 12:04:50','2026-04-21 12:06:06',76294,'AI 已返回处理结果',NULL,'2026-04-21 12:04:49','2026-04-21 12:06:05'),(1867,108,'RESULT','保存结果文件','SUCCESS','2026-04-21 12:06:06','2026-04-21 12:06:06',0,'输出: fill_5dc009a61df5_aec7f6a2_2025山东省环境空气质量监测数据信息-模板.docx',NULL,'2026-04-21 12:06:05','2026-04-21 12:06:05'),(1868,109,'PREPARE','准备输入与模板','SUCCESS','2026-04-21 12:29:12','2026-04-21 12:29:12',9,'已确认模板与文档，准备提交 AI 任务',NULL,'2026-04-21 12:29:12','2026-04-21 12:29:12'),(1870,109,'AI_PROCESS','AI 处理任务','SUCCESS','2026-04-21 12:29:12','2026-04-21 12:32:35',202806,'AI 已返回处理结果',NULL,'2026-04-21 12:29:12','2026-04-21 12:32:35'),(1872,109,'RESULT','保存结果文件','SUCCESS','2026-04-21 12:32:35','2026-04-21 12:32:35',0,'输出: fill_615bc077651e_76832477_COVID-19 模板.xlsx',NULL,'2026-04-21 12:32:35','2026-04-21 12:32:35'),(1873,110,'PREPARE','准备输入与模板','SUCCESS','2026-04-21 12:49:40','2026-04-21 12:49:40',14,'已确认模板与文档，准备提交 AI 任务',NULL,'2026-04-21 12:49:39','2026-04-21 12:49:39'),(1875,110,'AI_PROCESS','AI 处理任务','SUCCESS','2026-04-21 12:49:40','2026-04-21 12:53:03',202658,'AI 已返回处理结果',NULL,'2026-04-21 12:49:39','2026-04-21 12:53:02'),(1877,110,'RESULT','保存结果文件','SUCCESS','2026-04-21 12:53:03','2026-04-21 12:53:03',0,'输出: fill_dbacae9810e4_ad86502e_COVID-19 模板.xlsx',NULL,'2026-04-21 12:53:02','2026-04-21 12:53:02'),(1890,111,'PREPARE','准备输入与模板','SUCCESS','2026-04-21 21:09:57','2026-04-21 21:09:57',9,'已确认模板与文档，准备提交 AI 任务',NULL,'2026-04-21 21:09:57','2026-04-21 21:09:57'),(1892,111,'AI_PROCESS','AI 处理任务','SUCCESS','2026-04-21 21:09:57','2026-04-21 21:12:46',168336,'AI 已返回处理结果',NULL,'2026-04-21 21:09:57','2026-04-21 21:12:45'),(1894,111,'RESULT','保存结果文件','SUCCESS','2026-04-21 21:12:46','2026-04-21 21:12:46',0,'输出: fill_297b23936bdd_3529fa02_COVID-19 模板.xlsx',NULL,'2026-04-21 21:12:45','2026-04-21 21:12:45'),(1895,112,'PREPARE','准备输入与模板','SUCCESS','2026-04-21 21:12:46','2026-04-21 21:12:46',49,'已确认模板与文档，准备提交 AI 任务',NULL,'2026-04-21 21:12:45','2026-04-21 21:12:45'),(1897,112,'AI_PROCESS','AI 处理任务','SUCCESS','2026-04-21 21:12:46','2026-04-21 21:15:37',170834,'AI 已返回处理结果',NULL,'2026-04-21 21:12:45','2026-04-21 21:15:36'),(1899,112,'RESULT','保存结果文件','SUCCESS','2026-04-21 21:15:37','2026-04-21 21:15:37',0,'输出: fill_c99e376a2465_08644eb3_COVID-19 模板.xlsx',NULL,'2026-04-21 21:15:36','2026-04-21 21:15:36'),(1904,113,'PREPARE','准备输入与模板','SUCCESS','2026-04-21 21:24:10','2026-04-21 21:24:10',11,'已确认模板与文档，准备提交 AI 任务',NULL,'2026-04-21 21:24:10','2026-04-21 21:24:10'),(1906,113,'AI_PROCESS','AI 处理任务','SUCCESS','2026-04-21 21:24:10','2026-04-21 21:26:56',165074,'AI 已返回处理结果',NULL,'2026-04-21 21:24:10','2026-04-21 21:26:55'),(1908,113,'RESULT','保存结果文件','SUCCESS','2026-04-21 21:26:56','2026-04-21 21:26:56',0,'输出: fill_11ff71507099_5fc5108f_COVID-19 模板.xlsx',NULL,'2026-04-21 21:26:55','2026-04-21 21:26:55'),(1909,114,'PREPARE','准备输入与模板','SUCCESS','2026-04-21 21:30:56','2026-04-21 21:30:56',5,'已确认模板与文档，准备提交 AI 任务',NULL,'2026-04-21 21:30:56','2026-04-21 21:30:56'),(1911,114,'AI_PROCESS','AI 处理任务','SUCCESS','2026-04-21 21:30:56','2026-04-21 21:33:39',163169,'AI 已返回处理结果',NULL,'2026-04-21 21:30:56','2026-04-21 21:33:39'),(1913,114,'RESULT','保存结果文件','SUCCESS','2026-04-21 21:33:39','2026-04-21 21:33:39',0,'输出: fill_0db072ef5475_c7eeed87_COVID-19 模板.xlsx',NULL,'2026-04-21 21:33:39','2026-04-21 21:33:39'),(1914,115,'PREPARE','准备输入与模板','SUCCESS','2026-04-21 21:38:51','2026-04-21 21:38:51',8,'已确认模板与文档，准备提交 AI 任务',NULL,'2026-04-21 21:38:50','2026-04-21 21:38:50'),(1916,115,'AI_PROCESS','AI 处理任务','SUCCESS','2026-04-21 21:38:51','2026-04-21 21:41:38',166590,'AI 已返回处理结果',NULL,'2026-04-21 21:38:51','2026-04-21 21:41:37'),(1918,115,'RESULT','保存结果文件','SUCCESS','2026-04-21 21:41:38','2026-04-21 21:41:38',0,'输出: fill_e0483bef6dd4_a01a3b9d_COVID-19 模板.xlsx',NULL,'2026-04-21 21:41:37','2026-04-21 21:41:37');
/*!40000 ALTER TABLE `fill_task_step` ENABLE KEYS */;
UNLOCK TABLES;

--
-- Table structure for table `report_type`
--

DROP TABLE IF EXISTS `report_type`;
/*!40101 SET @saved_cs_client     = @@character_set_client */;
/*!50503 SET character_set_client = utf8mb4 */;
CREATE TABLE `report_type` (
  `id` bigint NOT NULL AUTO_INCREMENT COMMENT '报表类型ID',
  `public_id` varchar(64) NOT NULL,
  `name` varchar(255) NOT NULL COMMENT '报表类型名称，例如 合同收支汇总表',
  `description` varchar(512) DEFAULT NULL COMMENT '报表类型说明，例如 适用于年度合同统计',
  `created_at` datetime NOT NULL DEFAULT CURRENT_TIMESTAMP COMMENT '创建时间',
  PRIMARY KEY (`id`),
  UNIQUE KEY `uk_report_type_public_id` (`public_id`)
) ENGINE=InnoDB AUTO_INCREMENT=2 DEFAULT CHARSET=utf8mb4 COLLATE=utf8mb4_0900_ai_ci COMMENT='报表类型：描述业务上的报表类别，例如合同汇总表、员工信息表';
/*!40101 SET character_set_client = @saved_cs_client */;

--
-- Dumping data for table `report_type`
--

LOCK TABLES `report_type` WRITE;
/*!40000 ALTER TABLE `report_type` DISABLE KEYS */;
INSERT INTO `report_type` VALUES (1,'6bd918ae343011f1b162fc5cee6659c6','合同收支汇总表','用于汇总多份合同的金额和日期','2026-03-03 20:44:42');
/*!40000 ALTER TABLE `report_type` ENABLE KEYS */;
UNLOCK TABLES;

--
-- Table structure for table `template`
--

DROP TABLE IF EXISTS `template`;
/*!40101 SET @saved_cs_client     = @@character_set_client */;
/*!50503 SET character_set_client = utf8mb4 */;
CREATE TABLE `template` (
  `id` bigint NOT NULL AUTO_INCREMENT COMMENT '模板ID',
  `public_id` varchar(64) NOT NULL,
  `owner_id` bigint DEFAULT NULL COMMENT '创建该模板的用户ID',
  `report_type_id` bigint DEFAULT NULL COMMENT '所属报表类型ID，可为空表示未分类',
  `file_name` varchar(255) NOT NULL COMMENT '模板文件名，例如 template1.xlsx',
  `file_type` varchar(32) NOT NULL COMMENT '模板类型：word/excel',
  `file_path` varchar(512) NOT NULL COMMENT '模板文件在服务器上的路径',
  `created_at` datetime NOT NULL DEFAULT CURRENT_TIMESTAMP COMMENT '上传时间',
  PRIMARY KEY (`id`),
  UNIQUE KEY `uk_template_public_id` (`public_id`),
  KEY `idx_template_report_type_id` (`report_type_id`),
  KEY `idx_template_owner_id` (`owner_id`),
  CONSTRAINT `fk_template_report_type` FOREIGN KEY (`report_type_id`) REFERENCES `report_type` (`id`) ON DELETE SET NULL
) ENGINE=InnoDB AUTO_INCREMENT=48 DEFAULT CHARSET=utf8mb4 COLLATE=utf8mb4_0900_ai_ci COMMENT='模板：word/excel 模板文件';
/*!40101 SET character_set_client = @saved_cs_client */;

--
-- Dumping data for table `template`
--

LOCK TABLES `template` WRITE;
/*!40000 ALTER TABLE `template` DISABLE KEYS */;
INSERT INTO `template` VALUES (1,'7180151c342f11f1b162fc5cee6659c6',NULL,1,'contract_template_v1.xlsx','excel','1d588925-8aa0-4255-9775-35a2bcee56c2_contract_template_v1.xlsx','2026-03-03 20:50:27'),(2,'7180191e342f11f1b162fc5cee6659c6',2,NULL,'contract_template_v1.xlsx','excel','5b627ad6-da19-47d4-ac7f-926cebce4702_contract_template_v1.xlsx','2026-03-21 13:35:56'),(3,'718019a6342f11f1b162fc5cee6659c6',2,NULL,'contract_template_v1.xlsx','excel','9abdaf9f-07e1-47b1-8a9a-88121339c4f1_contract_template_v1.xlsx','2026-03-21 13:50:57'),(4,'71801a03342f11f1b162fc5cee6659c6',2,NULL,'contract_template_v1.xlsx','excel','dee40e59-4fd4-47a8-93a6-890ec068aa40_contract_template_v1.xlsx','2026-03-21 14:08:56'),(5,'71801a72342f11f1b162fc5cee6659c6',2,NULL,'2025年中国城市经济百强全景报告-模板.xlsx','excel','14c37309-73c7-4eff-913b-c9227087634a_2025年中国城市经济百强全景报告-模板.xlsx','2026-03-23 20:13:41'),(6,'71801ac9342f11f1b162fc5cee6659c6',2,NULL,'2025山东省环境空气质量监测数据信息-模板.docx','word','c33d9aa7-59bb-4104-834f-2fe4b6ab8a67_2025山东省环境空气质量监测数据信息-模板.docx','2026-03-23 20:42:53'),(7,'71801b1e342f11f1b162fc5cee6659c6',2,NULL,'COVID-19 模板.xlsx','excel','5506ce69-16cd-4e92-ac0c-2d24a129d6b6_COVID-19 模板.xlsx','2026-03-23 21:05:19'),(8,'71801b78342f11f1b162fc5cee6659c6',2,NULL,'2025山东省环境空气质量监测数据信息-模板.docx','word','c64bc951-d35a-42fe-ac3a-4e2c6ad5a5ae_2025山东省环境空气质量监测数据信息-模板.docx','2026-03-24 17:23:19'),(9,'71801bd1342f11f1b162fc5cee6659c6',2,NULL,'COVID-19 模板.xlsx','excel','02e08380-4d70-4a85-8890-7d2ed001fe98_COVID-19 模板.xlsx','2026-03-24 17:30:10'),(10,'71801c36342f11f1b162fc5cee6659c6',2,NULL,'2025山东省环境空气质量监测数据信息-模板.docx','word','30f4fef9-8928-4d39-9724-b611d6677e21_2025山东省环境空气质量监测数据信息-模板.docx','2026-03-24 17:50:37'),(11,'71801c88342f11f1b162fc5cee6659c6',2,NULL,'COVID-19 模板.xlsx','excel','76eab104-938e-446f-9255-11cb414d650c_COVID-19 模板.xlsx','2026-04-02 23:49:36'),(12,'71801cdb342f11f1b162fc5cee6659c6',2,NULL,'2025山东省环境空气质量监测数据信息-模板.docx','word','046b8883-ff31-4f24-b3b6-97801a788e24_2025山东省环境空气质量监测数据信息-模板.docx','2026-04-03 00:02:37'),(13,'22e028195be34326939480a4be89ba69',2,NULL,'COVID-19 模板.xlsx','excel','c4e23839-e134-4b5a-912d-4bfdb408357b_COVID-19 模板.xlsx','2026-04-10 18:41:59'),(14,'d3d9b62fd9404aafb6bc19cae85c70c6',2,NULL,'2025年中国城市经济百强全景报告-模板.xlsx','excel','79680c09-2459-4055-93d4-292a5adf1019_2025年中国城市经济百强全景报告-模板.xlsx','2026-04-10 22:43:14'),(15,'6b174551d5224ba6a2750cad10cd659c',2,NULL,'COVID-19 模板.xlsx','excel','26e1f898-de19-48f3-bf82-f717a2d48479_COVID-19 模板.xlsx','2026-04-10 22:44:49'),(16,'7160a79dacc94bc2bb2608cd7488a2d6',NULL,NULL,'2025年中国城市经济百强全景报告-模板.xlsx','excel','d07cf9fd-3dfc-4b67-910a-97b261417d30_2025年中国城市经济百强全景报告-模板.xlsx','2026-04-10 22:54:19'),(17,'8d57fb0ee90f4085b9a3f5c832f47a3a',NULL,NULL,'COVID-19全球数据集（节选）.xlsx','excel','835d5c9f-a1f9-4c7f-96fd-a991a2a15634_COVID-19全球数据集（节选）.xlsx','2026-04-11 20:08:30'),(18,'452673a5efe44daa92a3eb735472add4',2,NULL,'COVID-19 模板.xlsx','excel','59e30ccf-d702-479f-b9db-9bc37a569b3e_COVID-19 模板.xlsx','2026-04-11 20:22:45'),(19,'529f4eee5891463183acc344a79d4f61',2,NULL,'COVID-19 模板.xlsx','excel','152e5444-fd96-4fd0-8f64-a65dd199452c_COVID-19 模板.xlsx','2026-04-15 15:58:31'),(20,'c373bc2edb6043a1be8bd45bbff83ab4',2,NULL,'2025山东省环境空气质量监测数据信息-模板.docx','word','2f78b1cf-1a82-44a6-802b-228500691d48_2025山东省环境空气质量监测数据信息-模板.docx','2026-04-15 18:31:17'),(21,'7f9122dcc33845bb9beacd8dbc290912',2,NULL,'2025年中国城市经济百强全景报告-模板.xlsx','excel','8b91bf39-89d2-4375-81e1-da9be2fad358_2025年中国城市经济百强全景报告-模板.xlsx','2026-04-16 11:37:53'),(22,'82dcd68d1ca94843806af56d46484360',2,NULL,'2025山东省环境空气质量监测数据信息-模板.docx','word','f3327562-6872-490c-98a4-1a780259d86a_2025山东省环境空气质量监测数据信息-模板.docx','2026-04-16 14:51:57'),(23,'e845fd7df4f7486e80b149160b1cdda2',2,NULL,'COVID-19 模板.xlsx','excel','53629429-e150-4f73-bb6d-e171514432a3_COVID-19 模板.xlsx','2026-04-16 15:00:14'),(24,'3339c85520744c26836426efd1d2046f',NULL,NULL,'COVID-19 模板.xlsx','excel','0783da75-6eed-4a8b-af3f-92efb9e32466_COVID-19 模板.xlsx','2026-04-16 22:44:02'),(25,'b74f48bd6cf54fe192d9951dab6ccf7d',7,NULL,'2025年中国城市经济百强全景报告-模板.xlsx','excel','dc6356f5-5e32-4a04-a954-5bdab986b017_2025年中国城市经济百强全景报告-模板.xlsx','2026-04-17 13:43:29'),(26,'c6d91d208ffb48f9979651cf4d7287d8',2,NULL,'2025年中国城市经济百强全景报告-模板.xlsx','excel','e07cf166-a150-43f4-9fa3-9dbcc9555f7e_2025年中国城市经济百强全景报告-模板.xlsx','2026-04-17 21:37:21'),(27,'b05e44f80e5240beb459092f1000d92d',15,NULL,'2025年国考职位表（节选）.xlsx','excel','9aa4fcd1-7e62-477d-baff-3411a0f6fd31_2025年国考职位表（节选）.xlsx','2026-04-18 13:31:37'),(28,'ee089e01d58e462d9ebaa2795fe3690f',17,NULL,'2025山东省环境空气质量监测数据信息.xlsx','excel','d1ec6c7b-6a5e-43db-a69d-25e9fcaf68aa_2025山东省环境空气质量监测数据信息.xlsx','2026-04-18 13:32:13'),(31,'f24aa310e2784b89804425efc5004316',NULL,NULL,'2025年中国城市经济百强全景报告-模板.xlsx','excel','86dbdbb0-db4d-464b-81af-632e0198fe6f_2025年中国城市经济百强全景报告-模板.xlsx','2026-04-19 14:55:04'),(35,'90c65c0896c34f96b4094d41ef1065b0',2,NULL,'2025年中国城市经济百强全景报告-模板.xlsx','excel','8a91527f-627a-4f90-9e1a-2e921e7dbb34_2025年中国城市经济百强全景报告-模板.xlsx','2026-04-19 17:57:03'),(36,'c20afddd4abd41aba4a8b6e1278a769b',2,NULL,'2025年中国城市经济百强全景报告-模板.xlsx','excel','b5d0fd15-0672-4e6a-99e4-436fd6ada9e9_2025年中国城市经济百强全景报告-模板.xlsx','2026-04-19 19:32:13'),(37,'6cad2b9497b049c885ec9a094c3a674e',2,NULL,'2025山东省环境空气质量监测数据信息-模板.docx','word','d1e458f3-f3de-4eeb-96e7-172d69bb507b_2025山东省环境空气质量监测数据信息-模板.docx','2026-04-19 20:11:01'),(41,'55ba0e1d9da54ae0a0e03341dd5d2098',9,NULL,'COVID-19 模板.xlsx','excel','49657e5a-71cb-46fc-96c7-57843f18161a_COVID-19 模板.xlsx','2026-04-20 12:42:49'),(43,'d142044d000f4d38887c9050d72f1fd0',9,NULL,'2025山东省环境空气质量监测数据信息-模板.docx','word','581c14ed-e9d0-4c61-bb1a-d626e514f0ef_2025山东省环境空气质量监测数据信息-模板.docx','2026-04-20 12:50:57'),(44,'2e4cf2fb95e44662b94364e879b00b7b',9,NULL,'2025年中国城市经济百强全景报告-模板.xlsx','excel','c4678c40-3d37-4e44-b34c-05b03c79e61f_2025年中国城市经济百强全景报告-模板.xlsx','2026-04-20 13:06:30'),(45,'b107d1ab13694101b2d0c111ed975906',NULL,NULL,'2025山东省环境空气质量监测数据信息-模板.docx','word','6e211ac2-78f8-4b80-b600-4b5cf36a8a9e_2025山东省环境空气质量监测数据信息-模板.docx','2026-04-20 14:40:59'),(46,'ce5aefd982f5478e8064900fb4e82252',NULL,NULL,'2025山东省环境空气质量监测数据信息-模板.docx','word','502a93ef-73d6-4485-9bd7-e090cb10a10c_2025山东省环境空气质量监测数据信息-模板.docx','2026-04-20 14:46:39'),(47,'34acd3f9559d4ac08296ec66e4d87833',NULL,NULL,'2025山东省环境空气质量监测数据信息-模板.docx','word','bde9355d-3d47-4e72-83f4-a7fd615d52a2_2025山东省环境空气质量监测数据信息-模板.docx','2026-04-20 14:47:25');
/*!40000 ALTER TABLE `template` ENABLE KEYS */;
UNLOCK TABLES;

--
-- Table structure for table `template_field`
--

DROP TABLE IF EXISTS `template_field`;
/*!40101 SET @saved_cs_client     = @@character_set_client */;
/*!50503 SET character_set_client = utf8mb4 */;
CREATE TABLE `template_field` (
  `id` bigint NOT NULL AUTO_INCREMENT COMMENT '模板字段ID',
  `public_id` varchar(64) NOT NULL,
  `template_id` bigint NOT NULL COMMENT '所属模板ID',
  `field_schema_id` bigint NOT NULL COMMENT '对应的字段定义ID',
  `location` varchar(100) NOT NULL COMMENT '模板中的位置，如 A3/B5 或 {{student_name}}',
  `format` varchar(100) DEFAULT NULL COMMENT '展示格式（如金额两位小数、日期格式等）',
  `created_at` datetime NOT NULL DEFAULT CURRENT_TIMESTAMP COMMENT '创建时间',
  PRIMARY KEY (`id`),
  UNIQUE KEY `uk_template_field_public_id` (`public_id`),
  KEY `idx_template_field_template_id` (`template_id`),
  KEY `idx_template_field_field_schema_id` (`field_schema_id`),
  CONSTRAINT `fk_template_field_schema` FOREIGN KEY (`field_schema_id`) REFERENCES `field_schema` (`id`) ON DELETE CASCADE,
  CONSTRAINT `fk_template_field_template` FOREIGN KEY (`template_id`) REFERENCES `template` (`id`) ON DELETE CASCADE
) ENGINE=InnoDB DEFAULT CHARSET=utf8mb4 COLLATE=utf8mb4_0900_ai_ci COMMENT='模板字段：模板中的具体填充位置与字段的映射关系';
/*!40101 SET character_set_client = @saved_cs_client */;

--
-- Dumping data for table `template_field`
--

LOCK TABLES `template_field` WRITE;
/*!40000 ALTER TABLE `template_field` DISABLE KEYS */;
/*!40000 ALTER TABLE `template_field` ENABLE KEYS */;
UNLOCK TABLES;

--
-- Table structure for table `template_profile`
--

DROP TABLE IF EXISTS `template_profile`;
/*!40101 SET @saved_cs_client     = @@character_set_client */;
/*!50503 SET character_set_client = utf8mb4 */;
CREATE TABLE `template_profile` (
  `id` bigint NOT NULL AUTO_INCREMENT COMMENT '模板档案ID',
  `public_id` varchar(64) NOT NULL,
  `template_id` bigint NOT NULL COMMENT '所属模板ID',
  `content` text NOT NULL COMMENT '模板档案内容，通常为 JSON（report_profile.json）',
  `created_at` datetime NOT NULL DEFAULT CURRENT_TIMESTAMP COMMENT '创建时间',
  `updated_at` datetime NOT NULL DEFAULT CURRENT_TIMESTAMP ON UPDATE CURRENT_TIMESTAMP COMMENT '更新时间',
  PRIMARY KEY (`id`),
  UNIQUE KEY `uk_template_profile_public_id` (`public_id`),
  KEY `idx_template_profile_template_id` (`template_id`),
  CONSTRAINT `fk_template_profile_template` FOREIGN KEY (`template_id`) REFERENCES `template` (`id`) ON DELETE CASCADE
) ENGINE=InnoDB AUTO_INCREMENT=2 DEFAULT CHARSET=utf8mb4 COLLATE=utf8mb4_0900_ai_ci COMMENT='模板档案：存放每个模板的配置档案（如 report_profile.json）';
/*!40101 SET character_set_client = @saved_cs_client */;

--
-- Dumping data for table `template_profile`
--

LOCK TABLES `template_profile` WRITE;
/*!40000 ALTER TABLE `template_profile` DISABLE KEYS */;
INSERT INTO `template_profile` VALUES (1,'f3b24396343011f1b162fc5cee6659c6',1,'{ \"reportType\": \"合同收支汇总表\", \"fields\": [\"contract_amount\", \"sign_date\"] }','2026-03-03 20:52:58','2026-04-10 00:27:07');
/*!40000 ALTER TABLE `template_profile` ENABLE KEYS */;
UNLOCK TABLES;

--
-- Table structure for table `user`
--

DROP TABLE IF EXISTS `user`;
/*!40101 SET @saved_cs_client     = @@character_set_client */;
/*!50503 SET character_set_client = utf8mb4 */;
CREATE TABLE `user` (
  `id` bigint NOT NULL AUTO_INCREMENT COMMENT '用户ID',
  `username` varchar(100) NOT NULL COMMENT '用户名',
  `password` varchar(255) NOT NULL COMMENT 'BCrypt 加密后的密码',
  `role` varchar(50) NOT NULL DEFAULT 'USER' COMMENT '角色：USER/ADMIN',
  `created_at` datetime NOT NULL DEFAULT CURRENT_TIMESTAMP COMMENT '创建时间',
  `avatar_url` varchar(512) DEFAULT NULL COMMENT '头像URL（可为空）',
  PRIMARY KEY (`id`),
  UNIQUE KEY `username` (`username`)
) ENGINE=InnoDB AUTO_INCREMENT=20 DEFAULT CHARSET=utf8mb4 COLLATE=utf8mb4_0900_ai_ci COMMENT='用户表：登录账号信息';
/*!40101 SET character_set_client = @saved_cs_client */;

--
-- Dumping data for table `user`
--

LOCK TABLES `user` WRITE;
/*!40000 ALTER TABLE `user` DISABLE KEYS */;
INSERT INTO `user` VALUES (1,'test','INSERT INTO user (username, password, role)','USER','2026-03-03 21:13:50',NULL),(2,'admin','$2a$10$yA99RrPyXgtgdgXcReau5ufM1VUck8MAoAZQ7VPY.qyYP80DrqTAC','ADMIN','2026-03-03 21:16:22','/api/files/avatars/2c893f27-c0e8-4751-aa07-8f95458c34af.png'),(3,'demo1774265650','$2a$10$U2Fq4pn0E6hfAzqk6KI9KOLJ6/vRED/FMwkkYLYdN7C98fepblfh.','USER','2026-03-23 19:34:10',NULL),(4,'demo1774265652','$2a$10$rrjLGsOv5iR09TTJyDF6ZeDfMaEBLOietJm8yFb1j4a0qhEWpz0fy','USER','2026-03-23 19:34:12',NULL),(5,'demo1774265654','$2a$10$BMkRzCU1bTtMzDL/PNuX2eMTJFPPvF67J.TYNbkwgOB6Tgs3QWh06','USER','2026-03-23 19:34:14',NULL),(6,'zhangsan','$2a$10$WayjlYYkPrQuluhqK5C3l.hRIiTPNG8RmrExqOLRPgyfFeRABFKCW','USER','2026-04-10 10:25:52',NULL),(7,'codex1776404548','$2a$10$6h5zxxkJsRo1IjvoAxf2.umQK.KbhYxyT.tCBQKhjL.tvWNjZHt6e','USER','2026-04-17 13:42:29',NULL),(8,'codex1776467070','$2a$10$/FfVy8i82q4n.0wB/oTAuua9GHZHVkae2AXPVJ8pqIbj7FylNfioS','USER','2026-04-17 23:04:30',NULL),(9,'zkj','$2a$10$aHRNgsVtelg8JmNRMHlyyemoCXiW94tqGqG4Z3Rjl319Bsp.VWsT.','USER','2026-04-18 00:51:27','/api/files/avatars/0b710127-f6a2-4f4e-95ff-cb42fad70062.jpg'),(10,'codex_smoke_20260418','$2a$10$VIo11KvI4aO0EqbIu8tyRuYGhXkfU1igMlOjKVuiiFysv5nSx2WKm','USER','2026-04-18 13:30:40',NULL),(11,'codex_smoke_20260418_b','$2a$10$bb7D7OF7pLRtUHU3D.aZm.uqvr2atb3XjYc/WuI/rthT7V20Qp2bG','USER','2026-04-18 13:30:59',NULL),(12,'codex_smoke_20260418_c','$2a$10$rZKNKqktqoJOlF5wDMMd3.WxQ4L1p7LTBhP43IwfIOuKNOEslE6Ta','USER','2026-04-18 13:31:21',NULL),(13,'codex_smoke_20260418_d','$2a$10$SBhc9nNxDjiVR8cPcjDZDelEI9/MJ0EUbwexm36TF4U/B0yu4Q7Ua','USER','2026-04-18 13:31:21',NULL),(14,'codex_smoke_20260418_e','$2a$10$Q8c97jF9un2Y62Y0yVb06uzLXkN9xswLILBVem3.qm5oZb4jbfkrO','USER','2026-04-18 13:31:21',NULL),(15,'codex_smoke_1776490297','$2a$10$M4841Xjf3YLk2JKj1/y1W.RBr.7.0E/0eURphN4h25niBwRdA3fsW','USER','2026-04-18 13:31:37',NULL),(16,'codex_smoke_login_1776490315','$2a$10$t1SJtD2qTvrrDUbteDLhZuKH8EqNAgu0BQ8prx3M5MVpk98bUjpDG','USER','2026-04-18 13:31:56',NULL),(17,'codex_smoke_cancel_1776490333','$2a$10$1xEvOV8CXU2kwhdReeR22eTBdRCwt/BwOdkfdT2WRtJ6Clcw/rSqi','USER','2026-04-18 13:32:13',NULL),(18,'codex_smoke_free_1776490354','$2a$10$.39VQ5Phkwjswti3Cqz8OuHfrbxbLhfZAStVImuNIUo9fkLXTKH.O','USER','2026-04-18 13:32:35',NULL),(19,'xjyyy','$2a$10$PyVI5xg78V7I64qw.6XpQeqTNWh2rOm2UhwoYIBFDGTUHzJevcOLK','USER','2026-04-20 13:05:09',NULL);
/*!40000 ALTER TABLE `user` ENABLE KEYS */;
UNLOCK TABLES;

--
-- Dumping events for database 'mydatabase'
--

--
-- Dumping routines for database 'mydatabase'
--
/*!40103 SET TIME_ZONE=@OLD_TIME_ZONE */;

/*!40101 SET SQL_MODE=@OLD_SQL_MODE */;
/*!40014 SET FOREIGN_KEY_CHECKS=@OLD_FOREIGN_KEY_CHECKS */;
/*!40014 SET UNIQUE_CHECKS=@OLD_UNIQUE_CHECKS */;
/*!40101 SET CHARACTER_SET_CLIENT=@OLD_CHARACTER_SET_CLIENT */;
/*!40101 SET CHARACTER_SET_RESULTS=@OLD_CHARACTER_SET_RESULTS */;
/*!40101 SET COLLATION_CONNECTION=@OLD_COLLATION_CONNECTION */;
/*!40111 SET SQL_NOTES=@OLD_SQL_NOTES */;

-- Dump completed on 2026-04-21 22:11:55
